t,ax,ay,az
1708857848430546,-0.0212402,-0.985596,0.0754395
1708857848434452,-0.019043,-0.985352,0.0749512
1708857848438389,-0.019043,-0.985596,0.0749512
1708857848442352,-0.0192871,-0.985596,0.0749512
1708857848446319,-0.00805664,-0.991211,0.0678711
1708857848450215,-0.00805664,-0.988037,0.0751953
1708857848454150,-0.00976563,-0.988037,0.0751953
1708857848458091,-0.00878906,-1.00439,0.0695801
1708857848462047,-0.00878906,-1.01123,0.0690918
1708857848465975,-0.0119629,-1.01123,0.0690918
1708857848469896,-0.0197754,-0.987305,0.0520019
1708857848473833,-0.0197754,-0.98291,0.0695801
1708857848477793,-0.0153809,-0.98291,0.0695801
1708857848481716,-0.0212402,-0.978271,0.0627441
1708857848485659,-0.0212402,-0.97998,0.0617676
1708857848489614,-0.0288086,-0.97998,0.0617676
1708857848493556,-0.0168457,-0.978271,0.072998
1708857848497500,-0.0168457,-0.982178,0.0712891
1708857848501435,-0.0249023,-0.982178,0.0712891
1708857848505372,-0.0205078,-0.994873,0.0693359
1708857848509308,-0.0205078,-0.994873,0.0803223
1708857848513255,-0.0109863,-0.988037,0.0803223
1708857848517209,-0.0131836,-1.01099,0.0681152
1708857848521117,-0.0131836,-1.01099,0.065918
1708857848525144,-0.0158691,-0.989746,0.065918
1708857848529126,-0.0134277,-0.995117,0.0756836
1708857848533029,-0.0134277,-0.995117,0.0610352
1708857848536953,-0.0344238,-0.990234,0.0610352
1708857848540944,-0.0214844,-0.975586,0.0617676
1708857848544857,-0.0214844,-0.975586,0.0661621
1708857848548790,-0.0205078,-0.985596,0.0661621
1708857848552728,-0.0185547,-0.96875,0.0683594
1708857848556691,-0.0185547,-0.96875,0.0644531
1708857848560602,-0.0166016,-1.02368,0.0644531
1708857848564543,-0.0065918,-1.00464,0.0739746
1708857848568453,-0.0065918,-1.00464,0.0710449
1708857848572385,-0.00854492,-1.06348,0.0710449
1708857848576325,-0.00561523,-1.01831,0.0751953
1708857848580208,-0.00561523,-1.01831,0.0751953
1708857848584136,-0.00292969,-1.06055,0.076416
1708857848588052,-0.00292969,-1.04224,0.0700684
1708857848591977,-0.015625,-1.04224,0.0700684
1708857848595911,-0.0129394,-1.00806,0.0703125
1708857848599810,-0.0129394,-1.05469,0.0603027
1708857848603738,-0.0224609,-1.05469,0.0603027
1708857848607678,-0.0222168,-0.958984,0.0546875
1708857848611626,-0.0222168,-0.960693,0.0656738
1708857848615556,-0.0166016,-1.02319,0.0656738
1708857848619561,-0.00976563,-0.981445,0.0700684
1708857848623553,-0.00976563,-0.939453,0.0681152
1708857848627472,-0.0253906,-1.00195,0.0681152
1708857848631400,-0.0104981,-1.03296,0.0720215
1708857848635328,-0.0104981,-1.04541,0.0637207
1708857848639265,-0.0119629,-0.98291,0.0637207
1708857848643199,-0.0148926,-1.03784,0.0732422
1708857848647129,-0.0148926,-1.0105,0.0749512
1708857848651066,0.00024414,-1.0105,0.0749512
1708857848655018,-0.0112305,-0.966797,0.0756836
1708857848658958,-0.0112305,-0.966797,0.0661621
1708857848662853,-0.00463867,-1.02588,0.0661621
1708857848666795,-0.019043,-0.976318,0.0617676
1708857848670750,-0.019043,-0.976318,0.0622559
1708857848674681,-0.0236816,-0.997314,0.0622559
1708857848678623,-0.0288086,-1.01538,0.0690918
1708857848682572,-0.0288086,-1.01538,0.0688477
1708857848686524,-0.0302734,-0.979736,0.0688477
1708857848690491,-0.032959,-1.06299,0.0749512
1708857848694468,-0.032959,-1.06299,0.0744629
1708857848698345,-0.0334473,-1.04663,0.0744629
1708857848702284,-0.0124512,-1.07544,0.0722656
1708857848706211,-0.0124512,-1.07544,0.067627
1708857848710138,-0.017334,-1.0481,0.067627
1708857848714057,-0.059082,-1.01953,0.0703125
1708857848717960,0.00341797,-1.01953,0.0703125
1708857848721924,-0.0214844,-1.08154,0.0739746
1708857848725821,-0.0214844,-1.02075,0.0722656
1708857848729813,-0.0168457,-1.02075,0.0722656
1708857848733761,-0.0270996,-1.07568,0.0600586
1708857848737708,-0.0270996,-0.995361,0.0656738
1708857848741651,-0.0219727,-0.995361,0.0656738
1708857848745595,-0.0280762,-1.00879,0.0625
1708857848749512,-0.0280762,-1.04419,0.0737305
1708857848753447,-0.0310059,-1.04419,0.0737305
1708857848757405,-0.032959,-0.987793,0.0754395
1708857848761386,-0.032959,-0.9646,0.0568848
1708857848765290,-0.0422363,-1.0271,0.0568848
1708857848769246,-0.0214844,-1.00854,0.0742188
1708857848773166,-0.0214844,-1.04419,0.0739746
1708857848777158,-0.027832,-0.981689,0.0739746
1708857848781049,-0.0200195,-1.02295,0.0771484
1708857848784992,-0.0200195,-1.00366,0.0673828
1708857848788894,-0.0300293,-1.00366,0.0673828
1708857848792834,-0.0268555,-1.01099,0.0725098
1708857848796763,-0.0268555,-1.01099,0.0595703
1708857848800689,-0.0412598,-1.01855,0.0595703
1708857848804678,-0.0512695,-1.05957,0.0617676
1708857848808575,-0.0512695,-1.05957,0.0654297
1708857848812509,-0.0368652,-1.06299,0.0654297
1708857848816427,-0.0446777,-1.04272,0.0632324
1708857848820378,-0.0446777,-1.04272,0.0620117
1708857848824297,-0.0402832,-1.0896,0.0620117
1708857848828198,-0.0192871,-1.03369,0.0720215
1708857848832134,-0.0192871,-1.03369,0.0639648
1708857848836079,-0.0263672,-1.07642,0.0639648
1708857848840050,-0.0180664,-1.05615,0.0712891
1708857848843978,-0.0180664,-1.05615,0.0810547
1708857848847912,-0.0266113,-1.03174,0.0810547
1708857848851828,-0.0246582,-1.0564,0.0666504
1708857848855760,-0.0246582,-1.0564,0.0666504
1708857848859685,-0.0354004,-1.05957,0.0671387
1708857848863612,-0.0354004,-1.01294,0.0705566
1708857848867552,-0.0297852,-1.01294,0.0705566
1708857848871472,-0.0473633,-1.04517,0.059082
1708857848875420,-0.0473633,-0.980225,0.0678711
1708857848879359,-0.0341797,-0.980225,0.0678711
1708857848883282,-0.043457,-1.01758,0.059082
1708857848887234,-0.043457,-0.962891,0.0620117
1708857848891173,-0.0305176,-0.962891,0.0620117
1708857848895077,-0.0305176,-0.968018,0.0605469
1708857848899015,-0.0305176,-0.947754,0.0644531
1708857848902956,-0.0383301,-1.01025,0.0644531
1708857848906899,-0.0512695,-1.00635,0.064209
1708857848910811,-0.0512695,-1.03906,0.0632324
1708857848914736,-0.0622559,-1.10156,0.0632324
1708857848918657,-0.0671387,-1.07642,0.0693359
1708857848922588,-0.0671387,-1.07642,0.0617676
1708857848926525,-0.048584,-1.0835,0.0617676
1708857848930459,-0.0556641,-1.11646,0.0737305
1708857848934380,-0.0556641,-1.11646,0.0842285
1708857848938313,-0.0217285,-1.05518,0.0842285
1708857848942264,-0.0397949,-1.11279,0.0722656
1708857848946221,-0.0397949,-1.11279,0.0639648
1708857848950196,-0.0412598,-1.03442,0.0639648
1708857848954135,-0.0375977,-1.04541,0.0751953
1708857848958063,-0.0375977,-1.04541,0.0668945
1708857848962001,-0.0556641,-1.04199,0.0668945
1708857848965938,-0.0595703,-0.975342,0.0632324
1708857848969890,-0.0595703,-0.975342,0.0773926
1708857848973831,-0.0668945,-1.04614,0.0773926
1708857848977777,-0.112305,-0.960938,0.067627
1708857848981708,-0.0498047,-0.960938,0.115479
1708857848985664,-0.0588379,-0.963379,0.0529785
1708857848989616,-0.00292969,-0.998047,0.0634766
1708857848993618,-0.0654297,-0.998047,0.0634766
1708857848997498,-0.0703125,-0.964111,0.0664062
1708857849001428,-0.0930176,-1.0166,0.0673828
1708857849005355,-0.0930176,-1.0166,0.0673828
1708857849009296,-0.0952148,-1.05859,0.0671387
1708857849013229,-0.0952148,-1.04663,0.0773926
1708857849017206,-0.0688477,-1.04663,0.0773926
1708857849021109,-0.0893555,-1.08081,0.0637207
1708857849025072,-0.0893555,-1.07642,0.0783691
1708857849029021,-0.0666504,-1.07642,0.0783691
1708857849032918,-0.060791,-1.10889,0.0834961
1708857849036840,-0.060791,-1.09009,0.0739746
1708857849040779,-0.0532227,-1.02759,0.0739746
1708857849044719,-0.0671387,-1.05859,0.0522461
1708857849048660,-0.0671387,-1.01709,0.0617676
1708857849052580,-0.0610352,-1.01709,0.0617676
1708857849056510,-0.0830078,-1.0061,0.0644531
1708857849060513,-0.0830078,-1.04761,0.0610352
1708857849064443,-0.10083,-1.04761,0.0610352
1708857849068377,-0.0930176,-0.97998,0.0686035
1708857849072322,-0.0930176,-0.97998,0.050293
1708857849076290,-0.11792,-1.07935,0.050293
1708857849080205,-0.0854492,-1.0105,0.0634766
1708857849084147,-0.0854492,-1.0105,0.0778809
1708857849088075,-0.0825195,-0.994141,0.0778809
1708857849092012,-0.0620117,-0.970215,0.100342
1708857849095951,-0.0620117,-0.970215,0.0817871
1708857849099878,-0.0910645,-1.0166,0.0817871
1708857849103802,-0.100342,-1.06372,0.0766602
1708857849107728,-0.100342,-1.06372,0.110107
1708857849111692,-0.106445,-1.0188,0.0476074
1708857849115597,-0.104492,-1.00879,0.0551758
1708857849119538,-0.104492,-1.00879,0.0483398
1708857849123466,-0.118652,-1.06079,0.0483398
1708857849127395,-0.123047,-1.09644,0.0737305
1708857849131334,-0.123047,-1.09644,0.120117
1708857849135300,-0.107178,-1.1145,0.0576172
1708857849139192,-0.123779,-1.11475,0.0454102
1708857849143142,-0.123779,-1.11475,0.0454102
1708857849147064,-0.059082,-0.990234,0.0805664
1708857849150996,-0.059082,-1.06372,0.0834961
1708857849154927,-0.0739746,-1.06372,0.0834961
1708857849158866,-0.0808105,-0.946045,0.0822754
1708857849162815,-0.0808105,-0.995605,0.0913086
1708857849166765,-0.104736,-0.995605,0.0913086
1708857849170758,-0.140137,-1.02881,0.0644531
1708857849174686,-0.140137,-1.05273,0.0444336
1708857849178612,-0.182861,-1.05273,0.0444336
1708857849182564,-0.135498,-1.08228,0.0830078
1708857849186521,-0.135498,-1.06763,0.0578613
1708857849190416,-0.138916,-1.00513,0.0578613
1708857849194388,-0.0922852,-0.970459,0.0600586
1708857849198301,-0.0922852,-0.969727,0.0454102
1708857849202222,-0.088623,-1.03223,0.0454102
1708857849206166,-0.110352,-0.989746,0.0563965
1708857849210110,-0.110352,-0.979736,0.0649414
1708857849214043,-0.122559,-1.04224,0.0649414
1708857849217971,-0.150146,-1.04004,0.0651855
1708857849221897,-0.150146,-1.04004,0.0649414
1708857849225848,-0.186768,-1.14087,0.0649414
1708857849229828,-0.148926,-1.05396,0.0876465
1708857849233746,-0.148926,-1.05396,0.0817871
1708857849237664,-0.138428,-1.06445,0.0817871
1708857849241584,-0.138184,-1.02271,0.0610352
1708857849245514,-0.138184,-1.02271,0.0280762
1708857849249465,-0.0910645,-0.929688,0.0905762
1708857849253414,-0.108398,-0.0957031,-0.00415039
1708857849257359,-0.108398,-0.0957031,-0.0444336
1708857849261262,-0.240234,-0.905029,0.0180664
1708857849265221,-0.216553,-1.80908,0.0952148
1708857849269113,-0.279053,-1.80908,0.120361
1708857849273046,-0.185791,-1.51465,0.120361
1708857849276971,-0.187012,-1.05005,0.0861816
1708857849280959,-0.0620117,-1.05005,0.0861816
1708857849284885,0.0373535,-0.966553,0.164307
1708857849288821,0.0373535,-1.09863,0.145996
1708857849292756,-0.0231934,-1.09863,0.145996
1708857849296676,-0.16333,-1.20361,0.0861816
1708857849300611,-0.16333,-1.18091,0.0471191
1708857849304564,-0.246826,-1.18091,0.0471191
1708857849308472,-0.25293,-1.13965,-0.00097656
1708857849312421,-0.25293,-1.02002,-0.043457
1708857849316360,-0.244873,-1.02002,-0.043457
1708857849320286,-0.140625,-0.861084,0.0461426
1708857849324183,-0.140625,-0.813721,0.0439453
1708857849328111,-0.137451,-0.813721,0.0439453
1708857849332077,-0.165771,-0.881592,0.0664062
1708857849336005,-0.165771,-0.932861,0.107178
1708857849339949,-0.19873,-0.995361,0.107178
1708857849343884,-0.239014,-1.11499,0.0646973
1708857849347820,-0.239014,-1.11499,0.101562
1708857849351721,-0.228271,-1.00659,0.101562
1708857849355685,-0.155762,-0.927246,0.161865
1708857849359603,-0.155762,-0.927246,0.114502
1708857849363534,-0.160645,-0.87085,0.114502
1708857849367481,-0.208984,-0.934814,0.0820312
1708857849371426,-0.208984,-0.934814,0.0576172
1708857849375398,-0.251709,-1.07178,0.0576172
1708857849379327,-0.255371,-1.04858,0.0349121
1708857849383259,-0.255371,-1.04858,0.0185547
1708857849387166,-0.243652,-1.04419,0.0185547
1708857849391205,-0.197754,-0.895264,0.0134277
1708857849395151,-0.197754,-0.895264,0.00512695
1708857849399070,-0.147705,-0.895264,0.067627
1708857849403029,-0.130859,-1.01831,-0.00488281
1708857849406961,-0.255859,-1.01831,-0.0605469
1708857849410891,-0.269043,-1.07373,0.0644531
1708857849414806,-0.283447,-1.06299,0.125244
1708857849418726,-0.220947,-1.06299,0.125244
1708857849422775,-0.242432,-0.957764,0.0964355
1708857849426741,-0.212646,-0.940918,0.111816
1708857849430683,-0.212646,-0.940918,0.111816
1708857849434646,-0.20752,-0.956543,0.118164
1708857849438593,-0.20752,-1.04297,0.0915527
1708857849442502,-0.275391,-1.04297,0.0915527
1708857849446432,-0.268066,-1.10645,0.0808105
1708857849450362,-0.268066,-1.06689,0.0571289
1708857849454297,-0.244141,-1.06689,0.0571289
1708857849458220,-0.231201,-0.935791,0.0263672
1708857849462151,-0.231201,-0.918457,0.0397949
1708857849466106,-0.208252,-0.918457,0.0397949
1708857849470043,-0.285156,-0.977539,0.0168457
1708857849474012,-0.285156,-0.95459,0.0429688
1708857849477939,-0.298584,-1.14209,0.0429688
1708857849481863,-0.281006,-1.04541,0.0512695
1708857849485815,-0.281006,-1.05396,0.0522461
1708857849489732,-0.288818,-0.991455,0.0522461
1708857849493668,-0.241943,-0.970215,0.0854492
1708857849497635,-0.241943,-0.963379,0.124268
1708857849501552,-0.269043,-1.02588,0.124268
1708857849505498,-0.272217,-1.13965,0.117188
1708857849509445,-0.272217,-1.13965,0.0820312
1708857849513356,-0.270264,-1.09448,0.0820312
1708857849517309,-0.251465,-0.953857,0.0649414
1708857849521246,-0.251465,-0.953857,0.0678711
1708857849525187,-0.248291,-0.967285,0.0678711
1708857849529151,-0.32251,-1.0481,0.0583496
1708857849533140,-0.32251,-1.0481,0.0605469
1708857849537066,-0.327637,-1.10034,0.0605469
1708857849540988,-0.276611,-0.923828,0.0524902
1708857849544955,-0.276611,-0.923828,0.0512695
1708857849548869,-0.2771,-0.852539,-0.0112305
1708857849552812,-0.277344,-0.810303,0.0144043
1708857849556729,-0.277344,-0.810303,0.012207
1708857849560658,-0.331543,-1.05005,0.074707
1708857849564594,-0.373779,-1.04932,0.0979004
1708857849568523,-0.373779,-1.04932,0.0703125
1708857849572480,-0.324219,-0.944092,0.132812
1708857849576414,-0.321045,-0.918213,0.0554199
1708857849580331,-0.321045,-0.918213,0.0554199
1708857849584270,-0.3479,-0.989502,0.0549316
1708857849588226,-0.3479,-1.09277,0.128174
1708857849592134,-0.32666,-1.09277,0.128174
1708857849596076,-0.288086,-0.938232,0.127197
1708857849600021,-0.288086,-0.900146,0.0366211
1708857849603953,-0.310547,-0.900146,0.0366211
1708857849607905,-0.318359,-0.804443,0.0415039
1708857849611829,-0.318359,-1.0957,0.0270996
1708857849615762,-0.379395,-1.0957,0.0270996
1708857849619695,-0.428467,-1.03345,0.03125
1708857849623631,-0.428467,-1.03369,0.0908203
1708857849627575,-0.333496,-0.846191,0.0908203
1708857849631506,-0.335205,-0.781738,0.0297852
1708857849635463,-0.335205,-0.759521,0.0202637
1708857849639384,-0.399902,-0.884521,0.0202637
1708857849643389,-0.370605,-0.986816,0.115723
1708857849647330,-0.370605,-0.961426,0.109619
1708857849651269,-0.375244,-0.898926,0.109619
1708857849655200,-0.403076,-0.955322,0.0520019
1708857849659147,-0.403076,-0.955322,0.109863
1708857849663090,-0.390137,-0.956543,0.109863
1708857849667018,-0.384521,-1.05664,0.106201
1708857849670955,-0.384521,-1.05664,0.0429688
1708857849674911,-0.379639,-0.943359,0.0429688
1708857849678865,-0.336914,-0.81543,0.0849609
1708857849682845,-0.336914,-0.81543,0.0837402
1708857849686746,-0.346191,-0.816895,0.0837402
1708857849690720,-0.43335,-1.07886,0.0192871
1708857849694652,-0.43335,-1.07886,0.0273438
1708857849698591,-0.436523,-0.929688,0.0273438
1708857849702527,-0.399902,-0.897949,0.0717773
1708857849706472,-0.399902,-0.897949,0.10498
1708857849710400,-0.423096,-0.774414,0.0424805
1708857849714397,-0.377197,-1.0564,0.0690918
1708857849718293,-0.439697,-1.0564,0.0698242
1708857849722268,-0.43457,-0.917236,0.0698242
1708857849726158,-0.434326,-0.785889,0.110107
1708857849730103,-0.371826,-0.785889,0.110107
1708857849734038,-0.393311,-0.851807,0.0644531
1708857849737986,-0.393311,-0.949463,0.0717773
1708857849741943,-0.478271,-0.949463,0.0717773
1708857849745892,-0.389893,-0.934326,0.140869
1708857849749842,-0.389893,-0.799316,0.065918
1708857849753885,-0.421875,-0.799316,0.065918
1708857849757810,-0.407471,-0.787842,0.0454102
1708857849761739,-0.407471,-0.975586,0.0102539
1708857849765710,-0.493164,-0.975586,0.0102539
1708857849769619,-0.453857,-0.925049,0.101562
1708857849773563,-0.453857,-0.842529,0.0725098
1708857849777514,-0.422852,-0.842529,0.0725098
1708857849781478,-0.483398,-0.806152,-0.0151367
1708857849785394,-0.483398,-0.765137,0.0695801
1708857849789348,-0.462158,-0.890137,0.0695801
1708857849793281,-0.453613,-0.974121,0.0874023
1708857849797249,-0.453613,-0.960449,0.0881348
1708857849801203,-0.459473,-0.772949,0.0881348
1708857849805145,-0.462646,-0.826904,0.0664062
1708857849809070,-0.462646,-0.825684,0.122559
1708857849813017,-0.464111,-0.825684,0.122559
1708857849816962,-0.498047,-0.932617,0.0847168
1708857849820911,-0.498047,-0.932617,0.0544434
1708857849824847,-0.500732,-0.855225,0.0544434
1708857849828784,-0.479492,-0.78125,0.0898438
1708857849832727,-0.479492,-0.78125,0.0942383
1708857849836673,-0.476562,-0.773438,0.0942383
1708857849840610,-0.530029,-0.968018,0.0361328
1708857849844542,-0.530029,-0.968018,0.0314941
1708857849848483,-0.51123,-0.814697,0.0314941
1708857849852426,-0.498291,-0.823486,0.0378418
1708857849856358,-0.498291,-0.823486,0.0202637
1708857849860309,-0.496826,-0.708984,0.0827637
1708857849864362,-0.540771,-0.948975,0.0771484
1708857849868270,-0.540771,-0.948975,0.0717773
1708857849872219,-0.574219,-0.893799,0.00927734
1708857849876205,-0.604248,-0.683594,0.117676
1708857849880111,-0.479248,-0.683594,0.0908203
1708857849884047,-0.48877,-0.734619,0.0908203
1708857849887989,-0.458496,-0.900391,0.0595703
1708857849891916,-0.583496,-0.900391,0.0595703
1708857849895856,-0.51001,-0.833496,0.125977
1708857849899800,-0.527832,-0.748779,0.0908203
1708857849903748,-0.527832,-0.748779,0.0908203
1708857849907681,-0.525146,-0.710205,0.0322266
1708857849911604,-0.525146,-0.914795,0.0344238
1708857849915536,-0.603027,-0.914795,0.0344238
1708857849919506,-0.543457,-0.848389,0.119629
1708857849923415,-0.543457,-0.719727,0.0786133
1708857849927367,-0.51709,-0.719727,0.0786133
1708857849931306,-0.566162,-0.779541,-0.0109863
1708857849935258,-0.566162,-0.833984,0.0307617
1708857849939180,-0.586182,-0.833984,0.0307617
1708857849943130,-0.556396,-0.864258,0.0964355
1708857849947076,-0.556396,-0.82959,0.0725098
1708857849951031,-0.553955,-0.70459,0.0725098
1708857849954980,-0.578613,-0.77832,0.0441894
1708857849958919,-0.578613,-0.7854,0.0834961
1708857849962900,-0.586182,-0.7854,0.0834961
1708857849966879,-0.57959,-0.825684,0.095459
1708857849970837,-0.57959,-0.859131,0.046875
1708857849974803,-0.588379,-0.796631,0.046875
1708857849978765,-0.589844,-0.748535,0.0725098
1708857849982722,-0.589844,-0.714111,0.151855
1708857849986669,-0.550781,-0.714111,0.151855
1708857849990587,-0.615967,-0.885742,0.0559082
1708857849994573,-0.615967,-0.885742,-0.00463867
1708857849998466,-0.622803,-0.765869,-0.00463867
1708857850002457,-0.57959,-0.711426,0.0637207
1708857850006356,-0.57959,-0.711426,0.124268
1708857850010297,-0.541504,-0.642578,0.124268
1708857850014269,-0.668213,-0.879395,0.0258789
1708857850018192,-0.668213,-0.879395,0.0231934
1708857850022143,-0.658691,-0.860107,0.0231934
1708857850026072,-0.569824,-0.677734,0.0964355
1708857850030010,-0.569824,-0.677734,0.122803
1708857850033936,-0.590332,-0.647705,0.0603027
1708857850037903,-0.588867,-0.876709,0.0705566
1708857850041850,-0.651367,-0.876709,0.11377
1708857850045783,-0.623291,-0.824707,0.11377
1708857850049758,-0.592529,-0.699707,0.113281
1708857850053664,-0.592529,-0.699707,0.0751953
1708857850057609,-0.645508,-0.722656,0.0126953
1708857850061573,-0.683838,-0.853027,0.0627441
1708857850065525,-0.683838,-0.853027,0.0627441
1708857850069430,-0.618164,-0.818359,0.140625
1708857850073359,-0.618164,-0.643311,0.10498
1708857850077296,-0.585205,-0.643311,0.10498
1708857850081234,-0.635742,-0.710449,-0.0129394
1708857850085251,-0.635742,-0.758545,0.00585938
1708857850089189,-0.708008,-0.758545,0.00585938
1708857850093126,-0.609375,-0.766357,0.140381
1708857850097046,-0.609375,-0.60083,0.0632324
1708857850100973,-0.662598,-0.60083,0.0632324
1708857850104919,-0.692383,-0.707275,0.0148926
1708857850108854,-0.692383,-0.692627,0.0715332
1708857850112809,-0.680176,-0.692627,0.0715332
1708857850116743,-0.663086,-0.711182,0.103271
1708857850120687,-0.663086,-0.712891,0.0576172
1708857850124626,-0.676025,-0.650391,0.0576172
1708857850128583,-0.685547,-0.65918,0.0773926
1708857850132537,-0.685547,-0.679443,0.148193
1708857850136497,-0.665527,-0.679443,0.148193
1708857850140408,-0.682861,-0.749023,0.060791
1708857850144349,-0.682861,-0.749023,0.0324707
1708857850148290,-0.697754,-0.656982,0.0324707
1708857850152234,-0.700684,-0.653809,0.0517578
1708857850156172,-0.700684,-0.653809,0.165283
1708857850160112,-0.625732,-0.591309,0.165283
1708857850164060,-0.73999,-0.789551,0.0202637
1708857850168006,-0.73999,-0.789551,-0.0180664
1708857850171953,-0.745117,-0.727783,-0.0180664
1708857850175935,-0.668945,-0.552734,0.0966797
1708857850179886,-0.668945,-0.552734,0.0759277
1708857850183838,-0.634521,-0.555664,0.138428
1708857850187728,-0.780273,-0.817627,0.0200195
1708857850191660,-0.780273,-0.817627,0.0478516
1708857850195694,-0.72168,-0.687256,0.0478516
1708857850199641,-0.709473,-0.562988,0.11792
1708857850203587,-0.646973,-0.562988,0.121826
1708857850207566,-0.701904,-0.533447,0.0593262
1708857850211476,-0.732422,-0.799316,0.0620117
1708857850215410,-0.794922,-0.799316,0.0112305
1708857850219338,-0.724854,-0.711426,0.13623
1708857850223281,-0.731445,-0.507568,0.0881348
1708857850227254,-0.668945,-0.507568,0.0881348
1708857850231171,-0.757324,-0.621338,-0.0170898
1708857850235102,-0.757324,-0.726074,0.0627441
1708857850239044,-0.774414,-0.726074,0.0627441
1708857850243002,-0.695312,-0.70459,0.143799
1708857850246911,-0.695312,-0.51709,0.0195312
1708857850250887,-0.73584,-0.51709,0.0195312
1708857850254792,-0.725342,-0.601562,0.0185547
1708857850258729,-0.725342,-0.622803,0.0419922
1708857850262666,-0.799561,-0.622803,0.0419922
1708857850266631,-0.731934,-0.697754,0.126465
1708857850270560,-0.731934,-0.697021,0.0307617
1708857850274512,-0.766113,-0.634521,0.0307617
1708857850278429,-0.769531,-0.556885,0.03125
1708857850282393,-0.769531,-0.555908,0.164795
1708857850286381,-0.694824,-0.555908,0.164795
1708857850290380,-0.798828,-0.729004,0.0876465
1708857850294326,-0.798828,-0.728271,0.0305176
1708857850298284,-0.796387,-0.665771,0.0305176
1708857850302231,-0.777588,-0.605713,0.0537109
1708857850306165,-0.777588,-0.613037,0.182861
1708857850310106,-0.676758,-0.488037,0.182861
1708857850314073,-0.792969,-0.715088,0.0551758
1708857850318023,-0.792969,-0.715088,-0.00390625
1708857850321953,-0.825684,-0.675537,-0.00390625
1708857850325896,-0.711426,-0.520996,0.0771484
1708857850329842,-0.711426,-0.520996,0.0683594
1708857850333792,-0.740479,-0.453857,0.0683594
1708857850337755,-0.81665,-0.724365,0.0705566
1708857850341666,-0.81665,-0.724365,0.060791
1708857850345592,-0.803223,-0.645996,0.060791
1708857850349538,-0.73291,-0.47168,0.0686035
1708857850353477,-0.73291,-0.47168,0.102539
1708857850357463,-0.741943,-0.405762,0.0400391
1708857850361367,-0.726807,-0.668701,0.0710449
1708857850365290,-0.851807,-0.668701,0.0629883
1708857850369221,-0.811035,-0.630127,0.125488
1708857850373170,-0.807617,-0.458252,0.101562
1708857850377092,-0.745117,-0.458252,0.117432
1708857850381042,-0.828613,-0.458984,-0.00756836
1708857850384972,-0.848145,-0.593018,0.0620117
1708857850388926,-0.848145,-0.593018,0.0620117
1708857850392851,-0.754639,-0.592529,0.161865
1708857850396870,-0.752197,-0.446289,0.0478516
1708857850400811,-0.814697,-0.446289,0.0478516
1708857850404757,-0.827637,-0.499756,-0.00024414
1708857850408705,-0.827637,-0.518799,0.0822754
1708857850412658,-0.831787,-0.518799,0.0822754
1708857850416602,-0.798096,-0.586426,0.108154
1708857850420559,-0.798096,-0.506836,0.00585938
1708857850424492,-0.830811,-0.506836,0.00585938
1708857850428448,-0.822998,-0.470459,0.0268555
1708857850432376,-0.822998,-0.458008,0.103027
1708857850436304,-0.802246,-0.458008,0.103027
1708857850440264,-0.848389,-0.602539,0.0983887
1708857850444210,-0.848389,-0.604736,0.0500488
1708857850448157,-0.861084,-0.542236,0.0500488
1708857850452073,-0.844971,-0.454346,0.0439453
1708857850456023,-0.844971,-0.490479,0.163818
1708857850459998,-0.769531,-0.365479,0.163818
1708857850463912,-0.865723,-0.59375,0.0651855
1708857850467858,-0.865723,-0.605957,0.048584
1708857850471799,-0.871338,-0.543457,0.048584
1708857850475727,-0.810303,-0.427734,0.0837402
1708857850479662,-0.810303,-0.427734,0.107178
1708857850483612,-0.798584,-0.325195,0.107178
1708857850487549,-0.89502,-0.589355,0.0437012
1708857850491494,-0.89502,-0.589355,0.0461426
1708857850495425,-0.840332,-0.509766,0.0461426
1708857850499376,-0.825439,-0.406738,0.0632324
1708857850503315,-0.825439,-0.406738,0.065918
1708857850507335,-0.804932,-0.29834,0.065918
1708857850511276,-0.891357,-0.568604,0.0834961
1708857850515217,-0.891357,-0.568604,0.0737305
1708857850519190,-0.880371,-0.521484,0.0737305
1708857850523107,-0.817627,-0.377686,0.0664062
1708857850527047,-0.817627,-0.377686,0.09375
1708857850530966,-0.840332,-0.336914,0.03125
1708857850534907,-0.828613,-0.508545,0.109375
1708857850538852,-0.891113,-0.508545,0.0656738
1708857850542800,-0.83252,-0.529297,0.128174
1708857850546747,-0.872559,-0.36792,0.0380859
1708857850550736,-0.872559,-0.36792,0.0380859
1708857850554670,-0.880615,-0.406738,-0.00341797
1708857850558608,-0.876709,-0.44873,0.131104
1708857850562532,-0.876709,-0.44873,0.131104
1708857850566512,-0.845215,-0.499512,0.128418
1708857850570404,-0.845215,-0.406982,-0.00756836
1708857850574356,-0.906982,-0.406982,-0.00756836
1708857850578294,-0.883789,-0.414307,0.0285645
1708857850582230,-0.883789,-0.351074,0.116699
1708857850586172,-0.855225,-0.351074,0.116699
1708857850590123,-0.894043,-0.509277,0.100342
1708857850594087,-0.894043,-0.419678,0.0290527
1708857850597999,-0.901367,-0.419678,0.0290527
1708857850601945,-0.896729,-0.395264,0.0490723
1708857850605908,-0.896729,-0.394287,0.131104
1708857850609816,-0.840088,-0.269287,0.131104
1708857850613758,-0.914795,-0.508545,0.0949707
1708857850617777,-0.914795,-0.549072,0.0495606
1708857850621713,-0.911865,-0.424072,0.0495606
1708857850625640,-0.868408,-0.316895,0.0703125
1708857850629573,-0.868408,-0.373047,0.134277
1708857850633524,-0.853027,-0.248047,0.134277
1708857850637466,-0.935059,-0.482178,0.078125
1708857850641403,-0.935059,-0.482178,0.0466309
1708857850645378,-0.890137,-0.406982,0.0466309
1708857850649292,-0.883301,-0.307373,0.032959
1708857850653228,-0.883301,-0.307373,0.103516
1708857850657169,-0.855469,-0.254883,0.103516
1708857850661112,-0.935791,-0.473633,0.0686035
1708857850665043,-0.935791,-0.473633,0.0317383
1708857850668985,-0.91748,-0.392578,0.0317383
1708857850672918,-0.885742,-0.282471,0.0341797
1708857850676873,-0.885742,-0.282471,0.0241699
1708857850680817,-0.887207,-0.259277,0.0866699
1708857850684753,-0.922607,-0.400879,0.124268
1708857850688702,-0.922607,-0.400879,0.119385
1708857850692648,-0.915771,-0.394775,0.0568848
1708857850696575,-0.924316,-0.0812988,0.0124512
1708857850700535,-1.11182,-0.0812988,0.0417481
1708857850704484,-0.88916,0.387695,-0.083252
1708857850708414,-0.894775,0.107666,-0.15918
1708857850712370,-1.14478,0.107666,-0.15918
1708857850716333,0.0236816,0.371826,0.687988
1708857850720236,0.0236816,-1.20605,-0.0749512
1708857850724185,-1.34058,-1.20605,-0.0749512
1708857850728173,-1.21582,-1.56616,-0.240723
1708857850732090,-1.21582,-0.44751,0.608398
1708857850736052,-0.615967,-0.44751,0.608398
1708857850739992,-1.08398,-0.0134277,-0.0634766
1708857850743930,-1.08398,-0.251465,0.238525
1708857850747873,-0.689453,-0.251465,0.238525
1708857850751814,-1.00928,-0.489746,-0.0837402
1708857850755733,-1.00928,-0.530273,-0.111328
1708857850759659,-1.07178,-0.530273,-0.111328
1708857850763613,-0.848877,-0.399658,0.188477
1708857850767576,-0.848877,-0.418213,-0.159424
1708857850771555,-0.947998,0.0192871,-0.159424
1708857850775457,-0.841309,-0.137695,0.103027
1708857850779408,-0.841309,-0.177734,-0.0810547
1708857850783366,-1.00391,-0.365234,-0.0810547
1708857850787281,-0.974121,-0.535156,0.12207
1708857850791229,-0.974121,-0.535156,0.126953
1708857850795173,-0.890137,-0.132568,0.126953
1708857850799072,-0.893311,-0.00024414,0.0617676
1708857850803015,-0.893311,-0.00024414,0.282715
1708857850806958,-0.894287,-0.122803,0.282715
1708857850810923,-1.01855,-0.397217,0.106445
1708857850814819,-1.01855,-0.397217,0.2229
1708857850818774,-0.885254,-0.181641,0.2229
1708857850822677,-0.989258,0.0141602,-0.00415039
1708857850826607,-0.989258,0.0141602,-0.0319824
1708857850830557,-0.860596,-0.050293,0.155518
1708857850834504,-0.86084,-0.236816,0.0864258
1708857850838520,-0.98584,-0.236816,0.0749512
1708857850842460,-0.973633,-0.166748,-0.0500488
1708857850846403,-0.9729,-0.0390625,-0.0170898
1708857850850327,-0.9104,-0.0390625,-0.0249023
1708857850854290,-1.0022,-0.0969238,-0.0874023
1708857850858182,-1.03223,-0.190186,0.13208
1708857850862122,-0.907227,-0.190186,0.13208
1708857850866078,-0.978027,-0.202393,-0.0236816
1708857850870014,-0.960693,-0.160889,0.0151367
1708857850873960,-0.960693,-0.160889,0.0151367
1708857850877895,-0.941895,-0.104736,0.12207
1708857850881863,-0.941895,-0.16333,0.198242
1708857850885769,-0.941406,-0.16333,0.198242
1708857850889727,-0.946289,-0.286865,0.199463
1708857850893687,-0.946289,-0.145508,0.0561523
1708857850897594,-0.99585,-0.145508,0.0561523
1708857850901538,-0.921387,-0.181396,0.170654
1708857850905481,-0.921387,-0.0759277,0.140869
1708857850909426,-0.942871,-0.0759277,0.140869
1708857850913372,-0.977539,-0.341553,0.0725098
1708857850917344,-0.977539,-0.348633,0.00878906
1708857850921267,-0.964844,-0.161133,0.00878906
1708857850925183,-0.948975,-0.121582,0.00561523
1708857850929151,-0.948975,-0.0825195,0.0629883
1708857850933091,-0.931885,-0.14502,0.0629883
1708857850937058,-1.01343,-0.31543,-0.0678711
1708857850940999,-1.01343,-0.356934,-0.0383301
1708857850944916,-0.945801,-0.169434,-0.0383301
1708857850948927,-0.958496,-0.0700684,0.0180664
1708857850952862,-0.958496,-0.0700684,0.170654
1708857850956832,-0.933105,-0.137451,0.170654
1708857850960740,-0.969238,-0.236328,0.120605
1708857850964679,-0.969238,-0.236328,0.0390625
1708857850968614,-0.984131,-0.190186,0.0390625
1708857850972566,-0.94458,-0.117432,0.149902
1708857850976492,-0.94458,-0.117432,0.224365
1708857850980433,-0.935059,-0.0744629,0.224365
1708857850984367,-0.94458,-0.134033,0.188965
1708857850988298,-0.94458,-0.134033,0.208496
1708857850992282,-0.991455,-0.220947,0.0209961
1708857850996225,-0.958252,-0.0834961,0.0288086
1708857851000151,-0.958252,-0.0834961,0.0297852
1708857851004075,-0.930176,-0.00732422,0.0922852
1708857851008036,-0.894775,-0.0585938,0.0649414
1708857851012009,-0.957275,-0.0585938,0.064209
1708857851015945,-0.981201,-0.223633,-0.060791
1708857851019844,-0.993164,-0.110352,-0.0776367
1708857851023792,-0.993164,-0.110352,-0.0776367
1708857851027735,-0.953369,0.0285645,0.0629883
1708857851031691,-0.953369,-0.00830078,0.117188
1708857851035632,-0.936523,-0.00830078,0.117188
1708857851039572,-0.974365,-0.17041,0.034668
1708857851043478,-0.974365,-0.0947266,0.0400391
1708857851047424,-0.990723,-0.0947266,0.0400391
1708857851051359,-0.970215,-0.0170898,0.173828
1708857851055309,-0.970215,0.0686035,0.238037
1708857851059285,-0.919922,0.0686035,0.238037
1708857851063264,-1.00269,-0.166016,0.0957031
1708857851067191,-1.00269,-0.148926,0.0754395
1708857851071109,-0.966309,-0.0239258,0.0754395
1708857851075042,-0.952637,0.026123,0.141113
1708857851078976,-0.952637,0.0439453,0.145508
1708857851082952,-0.94873,0.0439453,0.145508
1708857851086861,-0.993164,-0.102783,-0.00878906
1708857851090870,-0.993164,-0.123779,-0.0817871
1708857851094850,-0.995361,0.0012207,-0.0817871
1708857851098783,-0.936035,0.0812988,0.0380859
1708857851102724,-0.936035,0.104492,0.0793457
1708857851106683,-0.970947,0.0419922,0.0793457
1708857851110625,-0.992188,-0.0837402,-0.00146484
1708857851114549,-0.992188,-0.0837402,-0.0524902
1708857851118451,-0.970947,0.0424805,-0.0524902
1708857851122393,-0.962402,0.0688477,0.104248
1708857851126350,-0.962402,0.0688477,0.197754
1708857851130279,-0.95752,0.064209,0.197754
1708857851134232,-0.965088,-0.0249023,0.143066
1708857851138159,-0.965088,-0.0249023,0.0520019
1708857851142102,-0.978271,0.0319824,0.0520019
1708857851146011,-0.962646,0.060791,0.143066
1708857851149938,-0.962646,0.060791,0.166016
1708857851153877,-0.943604,0.0341797,0.228516
1708857851157816,-0.953613,0.088623,0.102539
1708857851161759,-0.953613,0.088623,0.0930176
1708857851165695,-0.996094,-0.032959,-0.0319824
1708857851169666,-0.977295,-0.00439453,0.0136719
1708857851173564,-0.977295,-0.00439453,0.0136719
1708857851177507,-0.932861,0.151123,0.0964355
1708857851181418,-0.901123,0.132324,0.0305176
1708857851185337,-0.963623,0.132324,0.0305176
1708857851189313,-0.990967,-0.0737305,-0.0795898
1708857851193258,-0.990967,0.0158691,-0.0175781
1708857851197216,-0.97998,0.0158691,-0.0175781
1708857851201220,-0.950684,0.130127,0.13501
1708857851205159,-0.950684,0.161133,0.156982
1708857851209121,-0.946777,0.161133,0.156982
1708857851213059,-0.999023,-0.112793,0.0327148
1708857851216964,-0.999023,0.0649414,0.0722656
1708857851220936,-0.974854,0.0649414,0.0722656
1708857851224835,-0.955566,0.119141,0.221436
1708857851228779,-0.955566,0.0632324,0.218994
1708857851232713,-0.943359,0.125732,0.218994
1708857851236645,-0.982666,-0.00683594,0.0541992
1708857851240591,-0.982666,-0.0583496,0.00073242
1708857851244518,-0.977295,0.0666504,0.00073242
1708857851248424,-0.939941,0.148193,0.124023
1708857851252355,-0.939941,0.148193,0.111328
1708857851256294,-0.957764,0.181641,0.111328
1708857851260236,-0.991943,0.0476074,-0.0466309
1708857851264179,-0.991943,0.0476074,-0.0856934
1708857851268131,-0.980469,0.0925293,-0.0856934
1708857851272078,-0.94165,0.117676,0.0598144
1708857851276009,-0.94165,0.117676,0.111816
1708857851279976,-0.963135,0.17334,0.111816
1708857851283889,-0.965576,0.17749,0.0256348
1708857851287827,-0.965576,0.17749,0.0107422
1708857851291755,-0.974609,0.027832,0.0107422
1708857851295699,-0.954346,0.0927734,0.148926
1708857851299633,-0.954346,0.0927734,0.161621
1708857851303567,-0.940918,0.165771,0.224121
1708857851307508,-0.94751,0.275391,0.123291
1708857851311507,-0.94751,0.275391,0.109375
1708857851315441,-0.978516,0.0236816,0.046875
1708857851319363,-0.946045,0.0522461,0.124512
1708857851323299,-0.946045,0.0522461,0.124512
1708857851327239,-0.918945,0.24292,0.166016
1708857851331203,-0.911377,0.301758,0.064209
1708857851335142,-0.973877,0.301758,0.064209
1708857851339058,-0.962402,0.0354004,-0.0412598
1708857851342995,-0.962402,0.107178,-0.0253906
1708857851346919,-0.959473,0.107178,-0.0253906
1708857851350857,-0.942139,0.252441,0.065918
1708857851354786,-0.942139,0.266602,0.0686035
1708857851358721,-0.955566,0.266602,0.0686035
1708857851362681,-0.965088,0.0654297,-0.0227051
1708857851366622,-0.965088,0.0883789,0.00830078
1708857851370563,-0.956299,0.150879,0.00830078
1708857851374504,-0.947998,0.255615,0.161621
1708857851378451,-0.947998,0.260986,0.194092
1708857851382393,-0.928711,0.260986,0.194092
1708857851386345,-0.951904,0.159424,0.0727539
1708857851390288,-0.951904,0.149902,0.0666504
1708857851394213,-0.959961,0.212402,0.0666504
1708857851398156,-0.940918,0.28418,0.171631
1708857851402093,-0.940918,0.28418,0.21582
1708857851406029,-0.91626,0.23291,0.21582
1708857851409964,-0.951172,0.254639,0.012207
1708857851413916,-0.951172,0.254639,-0.0332031
1708857851417861,-0.973877,0.23584,-0.0332031
1708857851421861,-0.907959,0.256348,0.0895996
1708857851425816,-0.907959,0.256348,0.0866699
1708857851429754,-0.92749,0.286865,0.0866699
1708857851433689,-0.966309,0.289062,-0.0368652
1708857851437640,-0.966309,0.289062,-0.0500488
1708857851441575,-0.946045,0.239014,-0.0500488
1708857851445508,-0.924561,0.251465,0.0805664
1708857851449435,-0.924561,0.251465,0.074707
1708857851453382,-0.930664,0.27417,0.137207
1708857851457319,-0.877441,0.393799,0.0839844
1708857851461263,-0.939941,0.393799,0.0639648
1708857851465216,-0.936768,0.155762,0.0639648
1708857851469156,-0.892578,0.250977,0.142334
1708857851473093,-0.892578,0.250977,0.182129
1708857851477080,-0.942139,0.337646,0.182129
1708857851480986,-0.985596,0.401123,0.150635
1708857851484892,-0.923096,0.401123,0.150635
1708857851488856,-0.912842,0.169922,0.079834
1708857851492786,-0.912842,0.238281,0.0273438
1708857851496719,-0.946777,0.238281,0.0273438
1708857851500658,-0.920654,0.41748,0.0654297
1708857851504589,-0.920654,0.412354,0.0964355
1708857851508529,-0.932373,0.412354,0.0964355
1708857851512451,-0.914062,0.135742,0.00756836
1708857851516381,-0.914062,0.291016,-0.0761719
1708857851520317,-0.94458,0.291016,-0.0761719
1708857851524284,-0.919434,0.421631,0.0554199
1708857851528207,-0.919434,0.396729,0.130859
1708857851532206,-0.916748,0.334229,0.130859
1708857851536163,-0.895752,0.224121,0.048584
1708857851540087,-0.895752,0.236084,0.0117188
1708857851544045,-0.944092,0.298584,0.0117188
1708857851547976,-0.90918,0.362549,0.154053
1708857851551921,-0.90918,0.313965,0.236328
1708857851555881,-0.875,0.313965,0.236328
1708857851559809,-0.923584,0.344727,0.0737305
1708857851563743,-0.923584,0.344727,0.0539551
1708857851567665,-0.925537,0.291016,0.0539551
1708857851571603,-0.878662,0.304932,0.146729
1708857851575544,-0.878662,0.304932,0.13916
1708857851579471,-0.911621,0.36084,0.13916
1708857851583402,-0.928223,0.432861,0.017334
1708857851587367,-0.928223,0.432861,-0.0363769
1708857851591277,-0.912109,0.245605,-0.0363769
1708857851595244,-0.891357,0.297119,0.0246582
1708857851599142,-0.891357,0.297119,0.00512695
1708857851603116,-0.923584,0.40918,0.067627
1708857851607069,-0.898193,0.511719,0.0561523
1708857851611002,-0.898193,0.511719,0.0283203
1708857851614904,-0.884766,0.221924,0.0283203
1708857851618834,-0.876953,0.279541,0.0385742
1708857851622793,-0.876953,0.279541,0.0385742
1708857851626721,-0.902832,0.459717,0.103271
1708857851630641,-0.881836,0.529297,0.217773
1708857851634594,-0.881836,0.529297,0.217773
1708857851638532,-0.851074,0.306885,0.142822
1708857851642529,-0.851074,0.325195,0.0305176
1708857851646460,-0.910156,0.325195,0.0305176
1708857851650389,-0.870605,0.524902,0.101318
1708857851654318,-0.870605,0.507812,0.193115
1708857851658266,-0.890137,0.507812,0.193115
1708857851662191,-0.849609,0.379883,0.102539
1708857851666127,-0.849609,0.370117,-0.0637207
1708857851670066,-0.916504,0.370117,-0.0637207
1708857851674004,-0.869873,0.467773,0.0280762
1708857851677953,-0.869873,0.494385,0.117188
1708857851681910,-0.861328,0.431885,0.117188
1708857851685856,-0.883789,0.42749,0.0241699
1708857851689782,-0.883789,0.41333,-0.0380859
1708857851693759,-0.891357,0.35083,-0.0380859
1708857851697656,-0.903076,0.770752,-0.0249023
1708857851701644,-0.903076,0.775635,0.176514
1708857851705571,-0.498779,0.0256348,0.176514
1708857851709479,-1.3894,1.84985,-0.318359
1708857851713401,-1.3894,1.84985,0.299072
1708857851717338,-0.979004,0.786621,0.299072
1708857851721282,-0.39624,-1.06445,0.442139
1708857851725192,-0.39624,-1.06445,-0.165283
1708857851729150,-0.951904,0.289062,-0.165283
1708857851733067,-0.946533,1.12256,-0.0773926
1708857851737001,-0.946533,1.12256,-0.116943
1708857851740944,-0.910889,0.442139,0.195557
1708857851744875,-0.696533,0.54248,0.429443
1708857851748846,-0.696533,0.54248,0.391602
1708857851752824,-0.921143,0.254639,-0.170898
1708857851756758,-0.912354,0.446533,-0.189697
1708857851760730,-0.849854,0.446533,-0.244629
1708857851764664,-0.833008,0.496582,0.192871
1708857851768584,-0.855469,0.535156,0.183594
1708857851772547,-0.917969,0.535156,0.183594
1708857851776500,-0.754883,0.499023,0.14209
1708857851780413,-0.7854,0.476562,-0.233643
1708857851784369,-0.9729,0.476562,-0.233643
1708857851788307,-0.763916,0.338379,0.065918
1708857851792253,-0.763916,0.52124,0.265137
1708857851796146,-0.787109,0.52124,0.265137
1708857851800090,-0.885254,0.64624,0.118164
1708857851804015,-0.885254,0.611572,0.0834961
1708857851807956,-0.795166,0.611572,0.0834961
1708857851811886,-0.876465,0.387207,-0.0500488
1708857851815841,-0.876465,0.522217,0.176025
1708857851819788,-0.741943,0.522217,0.176025
1708857851823702,-0.818848,0.61499,0.218994
1708857851827641,-0.818848,0.592773,0.0556641
1708857851831585,-0.844482,0.655273,0.0556641
1708857851835525,-0.803955,0.517578,-0.0388184
1708857851839458,-0.803955,0.520264,-0.0200195
1708857851843382,-0.850098,0.457764,-0.0200195
1708857851847321,-0.717285,0.643799,0.217529
1708857851851281,-0.717285,0.643799,0.0788574
1708857851855252,-0.848145,0.575684,0.0788574
1708857851859170,-0.814209,0.638672,-0.0942383
1708857851863218,-0.814209,0.638672,0.0100098
1708857851867100,-0.809326,0.477295,0.0100098
1708857851871053,-0.767334,0.527588,0.178223
1708857851874997,-0.767334,0.527588,0.187012
1708857851878951,-0.773682,0.61499,0.187012
1708857851882881,-0.848633,0.702881,-0.020752
1708857851886824,-0.848633,0.702881,0.0627441
1708857851890758,-0.7854,0.476807,0.0627441
1708857851894682,-0.753662,0.480713,0.200195
1708857851898613,-0.753662,0.480713,0.216064
1708857851902549,-0.778076,0.63916,0.153564
1708857851906482,-0.763428,0.768311,0.0515137
1708857851910409,-0.825928,0.768311,0.0581055
1708857851914350,-0.756592,0.418701,0.0581055
1708857851918291,-0.762695,0.520996,0.0424805
1708857851922217,-0.762695,0.520996,0.0424805
1708857851926197,-0.798584,0.670654,0.0573731
1708857851930109,-0.798096,0.740234,0.0983887
1708857851934064,-0.798096,0.740234,0.0983887
1708857851937978,-0.73291,0.460449,0.0600586
1708857851941916,-0.73291,0.518311,-0.0585938
1708857851945844,-0.802246,0.518311,-0.0585938
1708857851949795,-0.785889,0.70459,0.0371094
1708857851953743,-0.785889,0.684082,0.206055
1708857851957739,-0.753662,0.684082,0.206055
1708857851961715,-0.717285,0.534912,0.12207
1708857851965652,-0.717285,0.566162,-0.0146484
1708857851969580,-0.784912,0.566162,-0.0146484
1708857851973544,-0.773682,0.667236,0.064209
1708857851977471,-0.773682,0.650146,0.235596
1708857851981434,-0.716309,0.650146,0.235596
1708857851985345,-0.734375,0.694336,0.115967
1708857851989273,-0.734375,0.696289,0.0195312
1708857851993207,-0.769287,0.508789,0.0195312
1708857851997137,-0.700928,0.657471,0.0637207
1708857852001077,-0.700928,0.657715,0.0771484
1708857852005014,-0.775635,0.657715,0.0771484
1708857852008957,-0.743164,0.817627,0.0678711
1708857852012889,-0.743164,0.817627,0.0476074
1708857852016807,-0.731934,0.515625,0.0476074
1708857852020739,-0.696533,0.600342,0.0527344
1708857852024677,-0.696533,0.600342,0.00024414
1708857852028582,-0.754395,0.653809,0.00024414
1708857852032535,-0.73877,0.789551,0.0803223
1708857852036475,-0.73877,0.789551,0.10498
1708857852040421,-0.663574,0.519043,0.16748
1708857852044344,-0.731201,0.558105,0.0839844
1708857852048264,-0.731201,0.558105,0.107422
1708857852052217,-0.738037,0.697754,0.0449219
1708857852056172,-0.69043,0.808594,0.10791
1708857852060106,-0.75293,0.808594,0.0793457
1708857852064034,-0.650879,0.522461,0.204346
1708857852068053,-0.64502,0.572998,0.0822754
1708857852071985,-0.70752,0.572998,0.0737305
1708857852075903,-0.705811,0.752441,0.0112305
1708857852079854,-0.689453,0.801025,0.0571289
1708857852083768,-0.751953,0.801025,0.0571289
1708857852087695,-0.644531,0.633301,0.136719
1708857852091626,-0.644531,0.638184,0.0222168
1708857852095547,-0.724121,0.638184,0.0222168
1708857852099492,-0.689941,0.750488,0.0119629
1708857852103434,-0.689941,0.799805,0.0454102
1708857852107367,-0.708008,0.799805,0.0454102
1708857852111290,-0.634766,0.708008,0.0891113
1708857852115254,-0.634766,0.695312,0.0810547
1708857852119163,-0.67627,0.632812,0.0810547
1708857852123085,-0.651611,0.805908,0.0898438
1708857852127022,-0.651611,0.775635,0.10498
1708857852130957,-0.695312,0.775635,0.10498
1708857852134907,-0.652832,0.798096,0.0895996
1708857852138841,-0.652832,0.75,0.128662
1708857852142733,-0.634766,0.5625,0.128662
1708857852146705,-0.635986,0.739746,0.12085
1708857852150627,-0.635986,0.739746,0.0888672
1708857852154569,-0.692871,0.766602,0.0888672
1708857852158516,-0.679443,0.91626,0.0219727
1708857852162515,-0.679443,0.91626,0.0822754
1708857852166404,-0.658447,0.534668,0.0822754
1708857852170348,-0.604492,0.748779,0.092041
1708857852174294,-0.604492,0.748779,0.0249023
1708857852178295,-0.675293,0.717773,0.0249023
1708857852182216,-0.667969,0.936035,0.0124512
1708857852186174,-0.667969,0.936035,0.0390625
1708857852190082,-0.592773,0.592041,0.101562
1708857852194011,-0.592041,0.693359,0.0930176
1708857852197942,-0.592041,0.693359,0.118896
1708857852201873,-0.634033,0.762695,0.0563965
1708857852205851,-0.654297,0.886963,0.0895996
1708857852209797,-0.654297,0.886963,0.0922852
1708857852213736,-0.566406,0.621338,0.154785
1708857852217690,-0.578369,0.709229,0.0925293
1708857852221609,-0.640869,0.709229,0.0925293
1708857852225596,-0.608643,0.849121,0.083252
1708857852229504,-0.608643,0.881836,0.0961914
1708857852233450,-0.658936,0.881836,0.0961914
1708857852237378,-0.557861,0.680908,0.113525
1708857852241337,-0.557861,0.685303,0.0363769
1708857852245243,-0.634766,0.685303,0.0363769
1708857852249186,-0.577148,0.894531,0.0417481
1708857852253121,-0.577148,0.864258,0.0761719
1708857852257084,-0.637939,0.864258,0.0761719
1708857852261006,-0.521973,0.754395,0.0693359
1708857852264944,-0.521973,0.790039,0.0129394
1708857852268871,-0.655273,0.665039,0.0129394
1708857852272809,-0.551514,0.936768,0.0991211
1708857852276739,-0.551514,0.906982,0.0852051
1708857852280672,-0.630127,0.844482,0.0852051
1708857852284620,-0.558105,0.83667,0.101562
1708857852288606,-0.558105,0.817871,0.104248
1708857852292553,-0.556885,0.630371,0.104248
1708857852296485,-0.564697,0.87085,0.115234
1708857852300428,-0.564697,0.87085,0.105957
1708857852304365,-0.587158,0.837891,0.105957
1708857852308305,-0.57666,0.953857,0.0581055
1708857852312237,-0.57666,0.953857,0.116943
1708857852316181,-0.552734,0.566406,0.116943
1708857852320129,-0.551025,0.873535,0.0725098
1708857852324065,-0.551025,0.873535,0.0334473
1708857852327972,-0.579346,0.825195,0.0334473
1708857852331905,-0.574707,0.972412,0.0256348
1708857852335831,-0.574707,0.972412,0.0449219
1708857852339789,-0.482178,0.63916,0.107422
1708857852343698,-0.467285,0.802002,0.0561523
1708857852347628,-0.529785,0.802002,0.0185547
1708857852351588,-0.568848,0.895996,0.0185547
1708857852355521,-0.58252,0.96875,0.0952148
1708857852359444,-0.58252,0.96875,0.0952148
1708857852363368,-0.462402,0.657471,0.152832
1708857852367303,-0.496826,0.737061,0.0761719
1708857852371251,-0.559326,0.737061,0.0761719
1708857852375186,-0.522949,0.938965,0.0649414
1708857852379133,-0.522949,0.898926,0.121338
1708857852383099,-0.557617,0.898926,0.121338
1708857852387039,-0.47998,0.781738,0.140137
1708857852390965,-0.47998,0.665039,0.0761719
1708857852394908,-0.54541,0.665039,0.0761719
1708857852398903,-0.51123,0.971436,0.0600586
1708857852402829,-0.51123,0.908447,0.0532227
1708857852406785,-0.554932,0.908447,0.0532227
1708857852410684,-0.464844,0.931152,0.0422363
1708857852414648,-0.464844,0.892578,0.0637207
1708857852418555,-0.461182,0.642578,0.0637207
1708857852422523,-0.458496,0.922119,0.0893555
1708857852426445,-0.458496,0.897705,0.0476074
1708857852430374,-0.519287,0.897705,0.0476074
1708857852434298,-0.508545,1.03174,0.0270996
1708857852438223,-0.508545,1.02368,0.107666
1708857852442154,-0.452393,0.711182,0.107666
1708857852446096,-0.456787,0.853271,0.128418
1708857852450041,-0.456787,0.853271,0.109131
1708857852453964,-0.442627,0.832031,0.109131
1708857852457901,-0.485596,1.00562,0.0441894
1708857852461820,-0.485596,1.00562,0.133545
1708857852465777,-0.394775,0.649902,0.133545
1708857852469720,-0.479736,0.84082,0.0847168
1708857852473641,-0.479736,0.84082,0.083252
1708857852477575,-0.467041,0.96875,0.083252
1708857852481490,-0.449707,1.01953,0.0246582
1708857852485420,-0.512207,1.01953,0.0439453
1708857852489350,-0.386963,0.752686,0.106445
1708857852493281,-0.378418,0.842773,0.0471191
1708857852497227,-0.440918,0.842773,0.0446777
1708857852501169,-0.423828,0.980957,0.0446777
1708857852505096,-0.390137,1.05127,0.0905762
1708857852509095,-0.452637,1.05127,0.0905762
1708857852513034,-0.375977,0.765869,0.125488
1708857852517015,-0.375977,0.885498,0.0534668
1708857852520980,-0.457764,0.885498,0.0534668
1708857852524873,-0.425781,1.03516,0.0861816
1708857852528802,-0.425781,1.00562,0.130371
1708857852532712,-0.442871,1.00562,0.130371
1708857852536645,-0.379395,0.79248,0.132812
1708857852540584,-0.379395,0.769775,0.076416
1708857852544539,-0.444092,0.769775,0.076416
1708857852548470,-0.400146,1.06567,0.0593262
1708857852552386,-0.400146,1.07642,0.083252
1708857852556314,-0.427734,0.951416,0.083252
1708857852560257,-0.359131,0.916992,0.0639648
1708857852564205,-0.359131,0.918457,0.0625
1708857852568095,-0.400391,0.730957,0.0625
1708857852572022,-0.380859,1.02856,0.0625
1708857852575949,-0.380859,1.02856,0.0473633
1708857852579874,-0.406982,0.931885,0.0473633
1708857852583809,-0.387207,0.997559,0.0400391
1708857852587751,-0.387207,0.997559,0.110596
1708857852591686,-0.378906,0.713867,0.110596
1708857852595654,-0.353271,0.973633,0.135254
1708857852599591,-0.353271,0.973633,0.0654297
1708857852603528,-0.392334,0.966797,0.0654297
1708857852607444,-0.378662,1.11816,0.0529785
1708857852611365,-0.378662,1.11816,0.0300293
1708857852615298,-0.270752,0.721436,0.155029
1708857852619317,-0.341797,0.977783,0.083252
1708857852623263,-0.341797,0.977783,0.109375
1708857852627194,-0.371582,1.08643,0.046875
1708857852631106,-0.370361,1.0354,0.0844727
1708857852635052,-0.370361,1.0354,0.113037
1708857852638975,-0.312256,0.808838,0.113037
1708857852642897,-0.257568,0.817139,0.0239258
1708857852646841,-0.382568,0.817139,0.0239258
1708857852650806,-0.364502,1.06348,0.0551758
1708857852654721,-0.364502,0.972168,0.107178
1708857852658668,-0.33667,0.972168,0.107178
1708857852662597,-0.247314,1.46289,0.0571289
1708857852666560,-0.247314,0.774902,-0.048584
1708857852670487,-0.697754,0.774902,-0.048584
1708857852674408,-0.078125,1.02051,0.474609
1708857852678379,-0.078125,0.918213,-0.18335
1708857852682322,-0.471191,0.918213,-0.18335
1708857852686225,-0.519287,1.20312,-0.446777
1708857852690152,-0.519287,1.19385,0.19165
1708857852694051,0.00048828,0.506348,0.19165
1708857852697995,-0.480713,0.623047,-0.255371
1708857852701963,-0.480713,0.586914,0.156738
1708857852705877,-0.396484,0.649414,0.156738
1708857852709822,-0.259521,0.663574,0.505859
1708857852713745,-0.259521,0.665527,0.222168
1708857852717699,-0.467773,0.853027,0.222168
1708857852721629,-0.400391,0.654785,0.283203
1708857852725580,-0.400391,0.654785,0.40918
1708857852729564,-0.174316,0.915283,0.40918
1708857852733506,-0.388916,0.987305,-0.0158691
1708857852737473,-0.388916,0.987305,0.0585938
1708857852741397,-0.245361,1.15112,0.0585938
1708857852745309,-0.116699,0.839355,0.118164
1708857852749251,-0.116699,0.839355,-0.183105
1708857852753186,-0.317139,1.1272,-0.183105
1708857852757210,-0.233154,1.27051,-0.0751953
1708857852761163,-0.233154,1.27051,-0.0649414
1708857852765079,-0.253906,1.20459,-0.00244141
1708857852769012,-0.217529,1.04932,-0.0234375
1708857852772933,-0.217529,1.04932,-0.0136719
1708857852776897,-0.211182,0.980225,0.0488281
1708857852780816,-0.212891,1.19971,0.165039
1708857852784757,-0.150391,1.19971,0.159668
1708857852788648,-0.229248,1.21533,0.097168
1708857852792575,-0.234375,1.2478,0.105469
1708857852796523,-0.234375,1.2478,0.105469
1708857852800431,-0.102051,0.986084,0.210449
1708857852804354,-0.102051,1.07129,0.123779
1708857852808283,-0.211426,1.07129,0.123779
1708857852812230,-0.287354,1.19751,0.0480957
1708857852816177,-0.287354,1.13599,0.123535
1708857852820080,-0.221191,1.13599,0.123535
1708857852823993,-0.260742,1.17456,-0.00219727
1708857852827950,-0.260742,1.16699,0.0388184
1708857852831872,-0.161377,0.916992,0.0388184
1708857852835841,-0.176758,0.997559,0.0476074
1708857852839751,-0.176758,0.953613,0.0178223
1708857852843668,-0.247314,1.07861,0.0178223
1708857852847593,-0.229004,1.2041,0.0280762
1708857852851525,-0.229004,1.21387,0.0856934
1708857852855466,-0.26001,1.08887,0.0856934
1708857852859406,-0.147461,0.920898,0.132324
1708857852863336,-0.147461,0.920898,0.0854492
1708857852867340,-0.186035,0.847168,0.0854492
1708857852871281,-0.213867,1.02148,0.105469
1708857852875286,-0.213867,1.02148,0.112061
1708857852879141,-0.225586,1.13696,0.112061
1708857852883040,-0.25,1.01733,0.112305
1708857852886980,-0.25,1.01733,0.0922852
1708857852890895,-0.202881,1.09155,0.0922852
1708857852894868,-0.138184,0.826172,0.11377
1708857852898778,-0.138184,0.826172,0.0749512
1708857852902730,-0.190186,0.878906,0.0749512
1708857852906665,-0.208984,1.01587,0.060791
1708857852910601,-0.208984,1.01587,0.0471191
1708857852914503,-0.251221,1.1709,0.0471191
1708857852918432,-0.285889,1.08374,0.0927734
1708857852922409,-0.223389,1.08374,0.0927734
1708857852926318,-0.132568,1.01147,0.115479
1708857852930233,-0.132568,0.791992,0.0859375
1708857852934178,-0.105713,0.791992,0.0859375
1708857852938118,-0.13916,0.848389,0.0859375
1708857852942047,-0.13916,1.05933,0.100098
1708857852945968,-0.157227,1.05933,0.100098
1708857852949924,-0.23877,1.17676,0.0754395
1708857852953890,-0.23877,1.09888,0.136719
1708857852957794,-0.208984,1.09888,0.136719
1708857852961748,-0.12793,0.984863,0.133789
1708857852965696,-0.12793,0.994629,0.0561523
1708857852969647,-0.146729,0.807129,0.0561523
1708857852973555,-0.127686,0.962158,0.090332
1708857852977606,-0.127686,0.967285,0.0605469
1708857852981561,-0.158203,1.09229,0.0605469
1708857852985459,-0.202148,1.24463,0.0478516
1708857852989383,-0.202148,1.24146,0.0834961
1708857852993288,-0.178223,1.11646,0.0834961
1708857852997226,-0.101562,1.08789,0.0700684
1708857853001152,-0.101562,1.08789,0.0605469
1708857853005086,-0.0822754,0.880371,0.0605469
1708857853009019,-0.102051,0.960938,0.0759277
1708857853012942,-0.102051,0.960938,0.0673828
1708857853016883,-0.151123,1.08252,0.0673828
1708857853020801,-0.167969,1.19971,0.0791016
1708857853024753,-0.167969,1.19971,0.105957
1708857853028666,-0.123779,1.15112,0.105957
1708857853032595,-0.124023,1.10425,0.0830078
1708857853036535,-0.124023,1.10425,0.0878906
1708857853040458,-0.0581055,0.994385,0.0878906
1708857853044400,-0.00561523,0.899902,0.0830078
1708857853048321,-0.0681152,0.899902,0.100586
1708857853052276,-0.102051,1.0354,0.0380859
1708857853056153,-0.111328,1.10229,0.0932617
1708857853060067,-0.111328,1.10229,0.0932617
1708857853064022,-0.150879,1.2168,0.0795898
1708857853067963,-0.150879,1.17822,0.0554199
1708857853071887,-0.123047,1.17822,0.0554199
1708857853075820,-0.107178,1.0459,0.0585938
1708857853079760,-0.107178,0.990479,0.0898438
1708857853083724,-0.0380859,0.990479,0.0898438
1708857853087724,-0.0517578,0.909668,0.072998
1708857853091686,-0.0517578,0.932129,0.0742188
1708857853095638,-0.0732422,0.932129,0.0742188
1708857853099567,-0.11377,1.07788,0.0776367
1708857853103453,-0.11377,1.09106,0.0825195
1708857853107418,-0.146973,1.15356,0.0825195
1708857853111320,-0.138428,1.17383,0.0874023
1708857853115237,-0.138428,1.1604,0.108398
1708857853119184,-0.0893555,1.0354,0.108398
1708857853123109,-0.0751953,1.04541,0.0834961
1708857853127053,-0.0751953,1.03638,0.0812988
1708857853131002,-0.043457,0.973877,0.0812988
1708857853134925,-0.0209961,0.931885,0.0861816
1708857853138870,-0.0209961,0.931885,0.0695801
1708857853142807,-0.0810547,0.960938,0.0695801
1708857853146734,-0.106201,1.04443,0.0849609
1708857853150647,-0.106201,1.04443,0.0961914
1708857853154571,-0.14209,1.12476,0.0961914
1708857853158509,-0.146973,1.19653,0.0769043
1708857853162436,-0.146973,1.19653,0.0900879
1708857853166388,-0.0847168,1.07397,0.0900879
1708857853170311,-0.0686035,1.06079,0.0717773
1708857853174267,-0.0686035,1.06079,0.0825195
1708857853178151,-0.0241699,1.03613,0.0825195
1708857853182147,-0.00634766,0.983643,0.0959473
1708857853186050,-0.00634766,0.983643,0.106445
1708857853189946,-0.0556641,1.01294,0.106445
1708857853193852,-0.00317383,1.00781,0.114258
1708857853197877,-0.0656738,1.00781,0.114258
1708857853201800,-0.10498,1.1106,0.0795898
1708857853205715,-0.10498,1.10156,0.090332
1708857853209660,-0.0991211,1.10156,0.090332
1708857853213538,-0.0773926,1.07324,0.0891113
1708857853217484,-0.0773926,1.01709,0.0830078
1708857853221404,-0.0417481,1.01709,0.0830078
1708857853225340,-0.0307617,0.949951,0.0766602
1708857853229270,-0.0307617,0.981201,0.0786133
1708857853233194,-0.0251465,0.981201,0.0786133
1708857853237142,-0.0371094,1.05225,0.0632324
1708857853241032,-0.0371094,1.00732,0.0751953
1708857853244954,-0.0541992,1.06982,0.0751953
1708857853248897,-0.064209,1.06299,0.0913086
1708857853252825,-0.064209,1.0647,0.0908203
1708857853256742,-0.0490723,1.0647,0.0908203
1708857853260663,-0.064209,1.07397,0.0632324
1708857853264595,-0.064209,1.07397,0.0742188
1708857853268520,-0.0483398,1.11816,0.0742188
1708857853272451,-0.0253906,1.08423,0.081543
1708857853276393,-0.0253906,1.08423,0.0656738
1708857853280318,-0.0212402,1.0918,0.0656738
1708857853284227,-0.00854492,1.02856,0.0810547
1708857853288146,-0.00854492,1.02856,0.0693359
1708857853292077,-0.0146484,1.05957,0.0693359
1708857853295996,-0.0236816,1.05151,0.0830078
1708857853299922,-0.0236816,1.05151,0.0666504
1708857853303836,-0.0212402,1.06714,0.0666504
1708857853307830,-0.0307617,1.03564,0.0739746
1708857853311758,-0.0307617,1.03564,0.0983887
1708857853315723,-0.0078125,0.966064,0.0983887
1708857853319631,-0.0363769,1.0022,0.0710449
1708857853323581,-0.0363769,1.0022,0.0710449
1708857853327490,-0.0458984,1.00684,0.0769043
1708857853331417,-0.0458984,1.10791,0.0981445
1708857853335336,-0.0319824,1.10791,0.0981445
1708857853339247,-0.0520019,1.13721,0.0517578
1708857853343173,-0.0520019,1.1311,0.0847168
1708857853347093,-0.0241699,1.1311,0.0847168
1708857853351006,0.00561523,1.12524,0.081543
1708857853354920,0.00561523,1.16553,0.0629883
1708857853358820,0.00561523,1.10303,0.0629883
1708857853362740,0.0192871,1.06152,0.0844727
1708857853366668,0.0192871,1.05322,0.0866699
1708857853370604,0.0102539,1.05322,0.0866699
1708857853374514,-0.0175781,1.08667,0.0795898
1708857853378462,-0.0175781,1.08667,0.0942383
1708857853382389,-0.0297852,1.04517,0.0942383
1708857853386306,-0.0205078,1.03833,0.0922852
1708857853390269,-0.0205078,1.03833,0.0827637
1708857853394173,-0.0356445,0.945801,0.0827637
1708857853398112,-0.0126953,0.942871,0.0986328
1708857853402047,-0.0126953,0.942871,0.0878906
1708857853405974,-0.0131836,0.907715,0.0878906
1708857853409924,-0.034668,0.971436,0.0827637
1708857853413870,-0.034668,0.971436,0.0969238
1708857853417888,-0.0363769,1.05054,0.0969238
1708857853421847,-0.0490723,1.17188,0.0698242
1708857853425730,-0.0490723,1.17188,0.0708008
1708857853429658,-0.0385742,1.13574,0.0708008
1708857853433582,-0.0612793,1.13916,0.0993652
1708857853437499,0.0012207,1.13916,0.0983887
1708857853441429,0.0385742,1.14673,0.0983887
1708857853445378,0.0258789,1.07056,0.0847168
1708857853449297,0.0258789,1.07056,0.0847168
1708857853453218,0.0361328,1.07275,0.098877
1708857853457136,0.0361328,1.11108,0.0717773
1708857853461061,-0.00439453,1.11108,0.0717773
1708857853464977,-0.0104981,1.06348,0.090332
1708857853468908,-0.0104981,1.01514,0.0847168
1708857853472844,-0.00854492,1.01514,0.0847168
1708857853476779,-0.0119629,0.99292,0.0837402
1708857853480725,-0.0119629,0.945801,0.0683594
1708857853484658,-0.00317383,0.945801,0.0683594
1708857853488619,-0.0107422,0.976807,0.074707
1708857853492522,-0.0107422,0.99707,0.0666504
1708857853496477,-0.0212402,0.99707,0.0666504
1708857853500373,-0.0214844,1.02539,0.0739746
1708857853504284,-0.0214844,1.01831,0.092041
1708857853508200,-0.0168457,1.08081,0.092041
1708857853512139,0.00317383,1.10376,0.0869141
1708857853516036,0.00317383,1.10376,0.081543
1708857853519964,0.00976563,1.14014,0.081543
1708857853523886,0.0307617,1.09277,0.0915527
1708857853527848,0.0307617,1.09277,0.0786133
1708857853531761,0.0510254,1.10962,0.0786133
1708857853535700,0.0288086,1.09814,0.0749512
1708857853539627,0.0288086,1.09814,0.083252
1708857853543546,0.0349121,1.06689,0.083252
1708857853547493,0.0195312,1.0791,0.0698242
1708857853551398,0.0195312,1.0791,0.0632324
1708857853555278,-0.00683594,1.03076,0.0632324
1708857853559222,-0.0617676,0.989746,0.0722656
1708857853563143,0.00073242,0.989746,0.0722656
1708857853567054,0.00195313,0.969482,0.078125
1708857853570983,0.00195313,0.97998,0.0725098
1708857853574945,-0.0104981,0.97998,0.0725098
1708857853578840,0.00439453,1.01294,0.0883789
1708857853582779,0.00439453,1.01758,0.0793457
1708857853586652,0.00244141,1.01758,0.0793457
1708857853590573,-0.00048828,1.02295,0.0834961
1708857853594536,-0.00048828,1.02563,0.0966797
1708857853598447,0.0136719,1.02563,0.0966797
1708857853602375,0.00952148,1.0188,0.0842285
1708857853606297,0.00952148,1.02393,0.0932617
1708857853610223,-0.0104981,1.08643,0.0932617
1708857853614154,-0.00097656,1.10864,0.0864258
1708857853618056,-0.00097656,1.12061,0.0708008
1708857853622034,-0.00488281,1.12061,0.0708008
1708857853625999,0.00683594,1.08081,0.081543
1708857853629900,0.00683594,1.08081,0.0837402
1708857853633804,0.0200195,1.04077,0.0837402
1708857853637723,0.0236816,1.03516,0.0783691
1708857853641643,0.0236816,1.03516,0.0749512
1708857853645572,0.0175781,0.986084,0.0749512
1708857853649482,0.00610352,0.981445,0.0751953
1708857853653391,0.00610352,0.981445,0.0822754
1708857853657247,0,0.976562,0.0822754
1708857853661179,0.048584,1.0166,0.0974121
1708857853665081,-0.013916,1.0166,0.103516
1708857853669018,-0.00952148,1.02954,0.103516
1708857853672953,-0.00854492,1.01367,0.0878906
1708857853676867,-0.00854492,1.01367,0.0878906
1708857853680786,0.00463867,0.999268,0.0820312
1708857853684690,0.00463867,1.00464,0.0957031
1708857853688603,0.0131836,1.00464,0.0957031
1708857853692543,0.0214844,0.989014,0.0942383
1708857853696462,0.0214844,1.00977,0.0991211
1708857853700390,0.0175781,1.00977,0.0991211
1708857853704300,0.0126953,1.01831,0.0837402
1708857853708198,0.0126953,1.0105,0.0715332
1708857853712119,0.0117188,1.0105,0.0715332
1708857853716059,0.00097656,1.02368,0.0668945
1708857853719938,0.00097656,1.0105,0.0773926
1708857853723894,0.0144043,1.0105,0.0773926
1708857853727810,0.00878906,1.00757,0.0820312
1708857853731780,0.00878906,1.00757,0.0761719
1708857853735710,0.0102539,1.00781,0.0761719
1708857853739611,0.0102539,1.00684,0.0686035
1708857853743531,0.0102539,1.00684,0.0698242
1708857853747451,0.0168457,1.01538,0.0698242
1708857853751373,0.0114746,1.01904,0.0756836
1708857853755292,0.0114746,1.01904,0.0864258
1708857853759226,0.0078125,1.01855,0.0864258
1708857853763156,0.00976563,1.02759,0.0878906
1708857853767087,0.00976563,1.02759,0.0847168
1708857853771016,0.0170898,1.03442,0.0847168
1708857853774950,0.0183105,1.03345,0.0852051
1708857853778833,0.0183105,1.03345,0.0852051
1708857853782757,0.0185547,1.01758,0.0737305
1708857853786689,0.0185547,1.02905,0.0703125
1708857853790614,0.0219727,1.02905,0.0703125
1708857853794523,0.0222168,1.02979,0.079834
1708857853798444,0.0222168,1.02515,0.0688477
1708857853802410,0.0131836,1.02515,0.0688477
1708857853806297,0.0163574,1.02905,0.0698242
1708857853810219,0.0163574,1.01807,0.0700684
1708857853814194,0.0112305,1.01807,0.0700684
1708857853818041,0.0163574,1.0105,0.0725098
1708857853821949,0.0163574,1.01318,0.0791016
1708857853825855,0.015625,1.01318,0.0791016
1708857853829807,0.00415039,1.00586,0.0839844
1708857853833678,0.00415039,1.00732,0.0791016
1708857853837570,0.00415039,1.00732,0.0791016
1708857853841544,0.0065918,1,0.0859375
1708857853845442,0.0065918,1,0.0895996
1708857853849366,0.00366211,0.993164,0.0895996
1708857853853370,0.00878906,0.989746,0.0871582
1708857853857284,0.00878906,0.989746,0.083252
1708857853861177,0.0102539,0.999268,0.083252
1708857853865110,0.0104981,0.997803,0.0888672
1708857853869040,0.0104981,0.997803,0.0803223
1708857853872950,0.00292969,0.995117,0.0803223
1708857853876902,0.0078125,1.00537,0.0837402
1708857853880781,0.0078125,1.00537,0.0771484
1708857853884682,0.00244141,1.00293,0.0771484
1708857853888600,0.00463867,1.00928,0.0751953
1708857853892538,0.00463867,1.00928,0.0751953
1708857853896432,0.00292969,1.01172,0.0856934
1708857853900362,0.00292969,1.00488,0.0839844
1708857853904312,0.0090332,1.00488,0.0839844
1708857853908217,0.00830078,0.993896,0.0795898
1708857853912147,0.00830078,1.00537,0.0913086
1708857853916059,0.0078125,1.00537,0.0913086
1708857853919970,0.0117188,1.01001,0.0932617
1708857853923880,0.0117188,1.01587,0.090332
1708857853927819,0.0124512,1.01587,0.090332
1708857853931742,0.00219727,1,0.0856934
1708857853935632,0.00219727,1.00903,0.0913086
1708857853939525,0.00268555,1.00903,0.0913086
1708857853943422,0.0100098,1.00171,0.0932617
1708857853947370,0.0100098,1.00171,0.0944824
1708857853951324,0.012207,1.00464,0.0944824
1708857853955277,0.00756836,1.00293,0.0827637
1708857853959148,0.00756836,1.00293,0.0751953
1708857853963048,0.0144043,1.0061,0.0751953
1708857853967013,0.0222168,1.01465,0.0756836
1708857853970916,0.0222168,1.01465,0.0722656
1708857853974847,0.0129394,1.01685,0.0722656
1708857853978729,0.0183105,1.01636,0.0727539
1708857853982706,0.0183105,1.01636,0.0717773
1708857853986624,0.0124512,1.01904,0.0717773
1708857853990505,0.0144043,1.01294,0.0705566
1708857853994438,0.0144043,1.01294,0.0705566
1708857853998330,0.0170898,1.02002,0.0749512
1708857854002273,0.0170898,1.01978,0.0793457
1708857854006169,0.0112305,1.01978,0.0793457
1708857854010089,0.0146484,1.01343,0.0859375
1708857854014054,0.0146484,0.998779,0.0952148
1708857854017991,0.015625,0.998779,0.0952148
1708857854021877,0.0124512,1.0144,0.0874023
1708857854025793,0.0124512,1.00903,0.0810547
1708857854029700,0.00512695,1.00903,0.0810547
1708857854033611,0.00585938,1.00171,0.0744629
1708857854037527,0.00585938,1.0061,0.0725098
1708857854041471,0.0102539,1.0061,0.0725098
1708857854045357,0.0268555,1.01099,0.0820312
1708857854049282,0.0268555,1.01099,0.0727539
1708857854053187,0.0168457,1.01147,0.0727539
1708857854057110,0.0166016,1.00879,0.0666504
1708857854061097,0.0166016,1.00879,0.0720215
1708857854065015,0.0175781,1.01758,0.0720215
1708857854068937,0.00927734,1.02124,0.0678711
1708857854072852,0.00927734,1.02124,0.0844727
1708857854076765,0.0136719,1.01733,0.0844727
1708857854080731,0.0197754,1.01025,0.0888672
1708857854084608,0.0197754,1.01025,0.0859375
1708857854088524,0.0151367,1.00928,0.0859375
1708857854092470,0.013916,1.01025,0.0891113
1708857854096405,0.013916,1.01025,0.0861816
1708857854100247,0.00708008,1.00513,0.0861816
1708857854104150,0.00561523,1.00635,0.0805664
1708857854108084,0.00561523,1.00635,0.0805664
1708857854112013,-0.00048828,1.0061,0.0917969
1708857854115959,-0.00048828,0.990967,0.0795898
1708857854119870,0.00488281,0.990967,0.0795898
1708857854123805,0.00512695,0.996338,0.0812988
1708857854127719,0.00512695,0.995605,0.0791016
1708857854131650,0.00952148,0.995605,0.0791016
1708857854135541,0.00537109,1.00537,0.0737305
1708857854139464,0.00537109,1.01172,0.0830078
1708857854143356,0.00756836,1.01172,0.0830078
1708857854147282,0.0114746,1.00977,0.0793457
1708857854151202,0.0114746,1.0061,0.0866699
1708857854155113,0.0065918,1.0061,0.0866699
1708857854159030,0.00805664,1.00928,0.0852051
1708857854162948,0.00805664,1.00928,0.0908203
1708857854166857,0.0161133,1.00269,0.0908203
1708857854170857,0.00952148,1.0105,0.0932617
1708857854174776,0.00952148,1.0105,0.0827637
1708857854178804,0.00756836,1.01147,0.0827637
1708857854182590,0.00317383,1.0022,0.0847168
1708857854186509,0.00317383,1.0022,0.0932617
1708857854190436,-0.00463867,0.995117,0.0932617
1708857854194359,-0.0515137,0.998047,0.0979004
1708857854198280,0.0109863,0.998047,0.0820312
1708857854202177,0.00390625,1.00049,0.0820312
1708857854206072,0.00708008,1.00195,0.0810547
1708857854209980,0.00708008,1.00195,0.0810547
1708857854213890,0.00683594,1.00415,0.0715332
1708857854217776,0.00683594,1.00073,0.0737305
1708857854221715,0.00854492,1.00073,0.0737305
1708857854225617,0.0129394,0.999512,0.0825195
1708857854229548,0.0129394,1,0.0727539
1708857854233449,0.00732422,1,0.0727539
1708857854237341,0.00244141,1.00244,0.0654297
1708857854241220,0.00244141,1.02246,0.0739746
1708857854245135,0.0126953,1.02246,0.0739746
1708857854249056,0.00854492,1.01465,0.0698242
1708857854252965,0.00854492,1.0144,0.081543
1708857854256889,0.0112305,1.0144,0.081543
1708857854260805,0.0114746,1.01709,0.0895996
1708857854264792,0.0114746,1.01709,0.0844727
1708857854268651,0.0134277,1.01245,0.0844727
1708857854272590,0.0205078,1.00928,0.0827637
1708857854276496,0.0205078,1.00928,0.0800781
1708857854280453,0.0146484,1.01147,0.0800781
1708857854284372,0.00952148,1.01465,0.072998
1708857854288300,0.00952148,1.01465,0.0812988
1708857854292215,0.0126953,1.01001,0.0812988
1708857854296132,0.0065918,1.01074,0.0788574
1708857854300083,0.0065918,1.01074,0.0700684
1708857854303969,0.0090332,1.00928,0.0700684
1708857854307901,0.00805664,1.00903,0.0656738
1708857854311803,0.00805664,1.00903,0.0656738
1708857854315726,0.00585938,1.00757,0.0776367
1708857854319616,0.00585938,1.00244,0.0776367
1708857854323538,0.00878906,1.00244,0.0776367
1708857854327484,0.0141602,1.01562,0.0871582
1708857854331353,0.0141602,1.00415,0.0864258
1708857854335293,0.00488281,1.00415,0.0864258
1708857854339184,0.0107422,1.00684,0.088623
1708857854343117,0.0107422,1.0022,0.0837402
1708857854347004,0.0136719,1.0022,0.0837402
1708857854350917,0.0112305,1.01343,0.0883789
1708857854354839,0.0112305,1.01001,0.0871582
1708857854358729,0.0200195,1.01001,0.0871582
1708857854362650,0.0141602,1.00049,0.0871582
1708857854366577,0.0141602,1.00049,0.0837402
1708857854370462,0.0126953,1.01147,0.0837402
1708857854374391,0.0178223,1.01587,0.0756836
1708857854378311,0.0178223,1.01587,0.0754395
1708857854382217,0.0126953,1.01001,0.0754395
1708857854386139,0.00854492,1.0127,0.0800781
1708857854390133,0.00854492,1.0127,0.0849609
1708857854394044,0.0141602,1.00684,0.0849609
1708857854397954,0.0144043,1.0127,0.0820312
1708857854401873,0.0144043,1.0127,0.0844727
1708857854405800,0.0144043,1.0127,0.0844727
1708857854409719,0.012207,1.00684,0.0922852
1708857854413625,0.012207,1.00684,0.0922852
1708857854417621,0.00927734,1,0.0932617
1708857854421555,0.00878906,1.01147,0.090332
1708857854425474,0.00878906,1.01147,0.090332
1708857854429376,0.00366211,1.01001,0.0822754
1708857854433276,0.00366211,1.00342,0.0961914
1708857854437227,0.00952148,1.00342,0.0961914
1708857854441135,0.0078125,0.992188,0.0942383
1708857854445115,0.0078125,0.993652,0.0922852
1708857854448983,0.00756836,0.993652,0.0922852
1708857854452906,0.00244141,1.00146,0.0852051
1708857854456802,0.00244141,1.00439,0.0734863
1708857854460688,0.0144043,1.00439,0.0734863
1708857854464630,0.0078125,1.0061,0.0759277
1708857854468521,0.0078125,1.00757,0.0739746
1708857854472439,0.0090332,1.00757,0.0739746
1708857854476359,0.0146484,1.01636,0.0808105
1708857854480273,0.0146484,1.01636,0.0742188
1708857854484220,0.012207,1.00928,0.0742188
1708857854488133,0.0153809,1.01294,0.0683594
1708857854492071,0.0153809,1.01294,0.0664062
1708857854495956,0.0090332,1.01196,0.0664062
1708857854499893,0.0109863,1.0127,0.0805664
1708857854503777,0.0109863,1.0127,0.0808105
1708857854507689,0.00732422,1.0105,0.0808105
1708857854511584,0.0117188,1.00342,0.101807
1708857854515502,0.0117188,1.00342,0.101807
1708857854519414,0.0104981,1.01074,0.088623
1708857854523335,0.00976563,1.00195,0.0766602
1708857854527319,0.00976563,1.00195,0.0766602
1708857854531232,0.00732422,1.00439,0.0744629
1708857854535169,0.00732422,1.01099,0.0690918
1708857854539060,0.0100098,1.01099,0.0690918
1708857854543002,0.0114746,1.01294,0.0795898
1708857854546893,0.0114746,1.01123,0.0744629
1708857854550792,0.00244141,1.01123,0.0744629
1708857854554763,0.00366211,0.998779,0.0654297
1708857854558668,0.00366211,0.937744,0.0686035
1708857854562544,0.00390625,1.00024,0.0686035
1708857854566457,0.00341797,1.00171,0.0708008
1708857854570373,0.00341797,1.01196,0.0844727
1708857854574295,0.00830078,1.01196,0.0844727
1708857854578209,0.0141602,1.00024,0.0898438
1708857854582115,0.0141602,1.00024,0.0871582
1708857854586066,0.0117188,1.0061,0.0871582
1708857854589934,0.0124512,1.00415,0.0810547
1708857854593853,0.0124512,1.00415,0.0820312
1708857854597745,0.0134277,1.00732,0.0820312
1708857854601658,0.0136719,1.00562,0.0893555
1708857854605615,0.0136719,1.00562,0.0964355
1708857854609503,0.0158691,1.00537,0.0964355
1708857854613448,0.0187988,1.01001,0.0856934
1708857854617356,0.0187988,1.01001,0.0791016
1708857854621271,0.0136719,1.01562,0.0791016
1708857854625199,0.0112305,1.01514,0.0803223
1708857854629075,0.0112305,1.01514,0.0803223
1708857854632997,0.0100098,1.00317,0.0800781
1708857854637031,0.0100098,0.997314,0.0817871
1708857854640926,0.0183105,0.997314,0.0817871
1708857854644868,0.0100098,0.999756,0.0805664
1708857854648780,0.0100098,1.00244,0.0847168
1708857854652690,0.00732422,1.00244,0.0847168
1708857854656606,0.00195313,1.00879,0.0769043
1708857854660520,0.00195313,1.01001,0.095459
1708857854664433,0.0153809,1.01001,0.095459
1708857854668356,0.0126953,1.00928,0.0861816
1708857854672297,0.0126953,1.01416,0.0900879
1708857854676217,0.0124512,1.01416,0.0900879
1708857854680109,0.0134277,1.00732,0.0869141
1708857854684044,0.0134277,1.00732,0.0834961
1708857854687946,0.0170898,1.00952,0.0834961
1708857854691850,0.0112305,1.01343,0.095459
1708857854695772,0.0112305,1.01343,0.0915527