timestamp,F3,T2
0.03941679000854492,0.1514446332144317,-0.40534745170517805
0.04338479042053223,0.1594446332144308,-0.40342745170517813
0.04732680320739746,0.1600446332144312,-0.404997451705178
0.05124092102050781,0.14444463321443202,-0.4040674517051781
0.055203914642333984,0.1895446332144317,-0.4036574517051781
0.05915689468383789,0.1608446332144311,-0.41142745170517814
0.06308388710021973,0.2042446332144312,-0.3978974517051781
0.06702685356140137,0.18274463321443157,-0.405917451705178
0.07096481323242188,0.18274463321443157,-0.4062674517051781
0.07499480247497559,0.20524463321443065,-0.4042674517051781
0.07889699935913086,0.19284463321443113,-0.41468745170517796
0.08287286758422852,0.1990446332144309,-0.406697451705178
0.08677983283996582,0.17504463321443176,-0.40812745170517806
0.09072279930114746,0.20684463321443047,-0.40705745170517815
0.0946509838104248,0.242444633214431,-0.39641745170517817
0.09859776496887207,0.17644463321443027,-0.41017745170517816
0.10253596305847168,0.19894463321443112,-0.40785745170517806
0.10645198822021484,0.14304463321443173,-0.39963745170517817
0.11037898063659668,0.08884463321443192,-0.42498745170517815
0.11434078216552734,0.16574463321443034,-0.40419745170517807
0.11824584007263184,0.1353446332144319,-0.3935974517051781
0.12220978736877441,0.15514463321443195,-0.455467451705178
0.1261308193206787,0.17894463321443155,-0.3954874517051781
0.1300649642944336,0.197044633214432,-0.44003745170517816
0.1340038776397705,0.14694463321443152,-0.428317451705178
0.13796496391296387,0.05504463321443076,-0.360837451705178
0.14183998107910156,0.18924463321443064,-0.471297451705178
0.1457688808441162,0.20654463321443117,-0.3899674517051781
0.14974284172058105,0.056644633214430584,-0.41642745170517803
0.15365886688232422,0.22174463321443127,-0.47831745170517803
0.15761184692382812,0.07134463321443185,-0.3277074517051781
0.16148877143859863,-0.10482536678556897,-0.427097451705178
0.16542387008666992,0.1915446332144306,-0.399407451705178
0.16936683654785156,0.04544463321443182,-0.365887451705178
0.1732959747314453,0.30254463321443126,-0.49626745170517816
0.1772449016571045,0.18284463321443134,-0.39490745170517805
0.18117690086364746,-0.017085366785568823,-0.4173874517051781
0.18513989448547363,0.1929446332144309,-0.4415874517051781
0.1890718936920166,-0.055185366785568846,-0.373137451705178
0.19300293922424316,0.16184463321443054,-0.4572574517051782
0.19695687294006348,0.14584463321443053,-0.41315745170517815
0.20089197158813477,0.24604463321443149,-0.438927451705178
0.204833984375,0.4894446332144309,-0.4536174517051781
0.20876598358154297,0.19864463321443182,-0.35208745170517797
0.21267986297607422,0.4424446332144303,-0.42268745170517796
0.21662092208862305,0.3229446332144317,-0.4309074517051781
0.22054195404052734,0.4219446332144319,-0.2934174517051781
0.22451186180114746,0.15214463321443183,-0.4427074517051781
0.22839879989624023,-0.005625366785569241,-0.36036745170517803
0.23232698440551758,-0.07689536678556941,-0.35255745170517816
0.2362658977508545,0.041044633214431414,-0.472517451705178
0.24019193649291992,-0.018335366785569462,-0.3720674517051781
0.24412298202514648,-0.031215366785568577,-0.417407451705178
0.248046875,-0.15233536678556803,-0.420087451705178
0.2520008087158203,-0.159535366785569,-0.3599674517051781
0.25591278076171875,0.08184463321443047,-0.43196745170517814
0.2598259449005127,0.02414463321443172,-0.36245745170517796
0.2637948989868164,0.0596446332144307,-0.48701745170517796
0.26770877838134766,0.022644633214431664,-0.5462174517051781
0.27164483070373535,0.19584463321443124,-0.366907451705178
0.2755708694458008,0.21604463321443035,-0.4923574517051781
0.27950382232666016,0.4612446332144309,-0.4174174517051781
0.2834479808807373,0.28604463321443063,-0.37065745170517816
0.287369966506958,0.31944463321443095,-0.555387451705178
0.29131078720092773,0.3881446332144307,-0.38192745170517806
0.29530882835388184,0.22124463321443066,-0.48863745170517814
0.2992069721221924,0.3754446332144319,-0.4498274517051781
0.3031888008117676,0.17644463321443027,-0.34338745170517804
0.3070969581604004,0.3323446332144311,-0.527427451705178
0.31102895736694336,0.18054463321443137,-0.34903745170517797
0.3149688243865967,0.005704633214431709,-0.459537451705178
0.31891489028930664,0.13204463321443072,-0.42996745170517814
0.32282185554504395,0.05254463321443126,-0.320537451705178
0.32675790786743164,0.16484463321443066,-0.5159574517051781
0.3306868076324463,0.30554463321443137,-0.379037451705178
0.33461594581604004,0.09124463321443166,-0.4469874517051782
0.33856678009033203,0.021244633214431374,-0.42000745170517817
0.3425168991088867,0.009934633214431443,-0.34460745170517804
0.34641480445861816,-0.007385366785568337,-0.45535745170517816
0.35035181045532227,0.14074463321443176,-0.4059674517051781
0.3542759418487549,-0.010115366785568014,-0.482207451705178
0.3582139015197754,-0.09679536678556921,-0.4175574517051781
0.3621809482574463,-0.023145366785568555,-0.38578745170517803
0.3661057949066162,0.22374463321443194,-0.46550745170517804
0.3700268268585205,0.3093446332144314,-0.371517451705178
0.37396979331970215,0.2789446332144312,-0.45196745170517816
0.37791991233825684,0.2260446332144319,-0.461737451705178
0.3818068504333496,0.20194463321443124,-0.3044094517051781
0.38574790954589844,0.1351446332144306,-0.444317451705178
0.3896768093109131,0.04004463321443197,-0.35533745170517816
0.3936147689819336,-0.10933536678556877,-0.36465745170517816
0.39755678176879883,-0.37275536678556875,-0.475807451705178
0.40147995948791504,-0.5969453667855689,-0.34106745170517816
0.405505895614624,-0.20693536678556868,-0.524207451705178
0.4094197750091553,-0.4433353667855684,-0.46025745170517807
0.41335082054138184,-0.3987853667855692,-0.400557451705178
0.4172959327697754,-0.017115366785569464,-0.5423274517051782
0.4212207794189453,0.1400446332144316,-0.35487745170517804
0.4251837730407715,0.3082446332144304,-0.47047745170517796
0.42911481857299805,0.20004463321443033,-0.447397451705178
0.43303990364074707,0.17904463321443131,-0.34947745170517797
0.43694090843200684,0.19244463321443028,-0.5083274517051781
0.4408688545227051,0.10644463321443176,-0.3965074517051781
0.4448368549346924,-0.10674536678556912,-0.4407174517051782
0.4487619400024414,-0.07002536678556837,-0.5046974517051781
0.45267581939697266,-0.20832536678556934,-0.32374745170517816
0.45662498474121094,-0.3776253667855691,-0.45494745170517814
0.46054983139038086,0.0014446332144313345,-0.34326745170517814
0.4644739627838135,-0.2329553667855695,-0.43157745170517803
0.46842384338378906,-0.19125536678556898,-0.46035745170517806
0.4723317623138428,-0.26528536678556947,-0.43254745170517817
0.47626495361328125,-0.16909536678556947,-0.41556745170517817
0.48020386695861816,-0.157075366785568,-0.42261745170517817
0.48410487174987793,0.003634633214431915,-0.39671745170517814
0.4880638122558594,0.41074463321443133,-0.486887451705178
0.49199485778808594,-0.04375536678556813,-0.33720745170517796
0.49590396881103516,0.0919446332144318,-0.4984274517051781
0.49985480308532715,0.03174463321443177,-0.4404674517051781
0.5037598609924316,-0.07104536678556883,-0.34169745170517807
0.5076808929443359,-0.04951536678556856,-0.45584745170517804
0.5116169452667236,-0.22830536678556967,-0.38736745170517817
0.515610933303833,-0.06206536678556951,-0.43359745170517816
0.5195999145507812,-0.32222536678556857,-0.40197745170517796
0.5234818458557129,-0.5088353667855685,-0.39502745170517817
0.5274069309234619,-0.2629753667855681,-0.5605474517051781
0.531336784362793,-0.25239536678556895,-0.4150474517051781
0.5353047847747803,-0.43353536678556814,-0.49341745170517815
0.5392329692840576,-0.04676536678556964,-0.48152745170517797
0.5431699752807617,-0.20533536678556885,-0.365717451705178
0.5471217632293701,0.11834463321443067,-0.4905674517051781
0.5510799884796143,0.38114463321443104,-0.39087745170517807
0.5550079345703125,-0.034445366785568865,-0.4676474517051781
0.5589838027954102,0.08824463321443154,-0.4883974517051781
0.5628998279571533,-0.04438536678556915,-0.4055274517051781
0.5667908191680908,-0.45803536678556966,-0.4668374517051781
0.570734977722168,-0.1786953667855684,-0.39146745170517816
0.5746479034423828,-0.4861153667855689,-0.4865074517051782
0.5785839557647705,-0.3076753667855687,-0.5283974517051782
0.5825958251953125,-0.5036553667855692,-0.32910745170517797
0.5865888595581055,-0.36792536678556864,-0.45062745170517804
0.590533971786499,-0.3282253667855688,-0.37207745170517814
0.5944797992706299,-0.42934536678556867,-0.4361674517051781
0.5984067916870117,-0.026885366785569076,-0.4621974517051781
0.60235595703125,-0.5269853667855688,-0.300025451705178
0.606273889541626,-0.22431536678556974,-0.44511745170517814
0.6101927757263184,-0.21088536678556835,-0.3333674517051781
0.6140987873077393,-0.5062153667855682,-0.3106674517051782
0.6180508136749268,-0.4925153667855682,-0.5192074517051781
0.6219959259033203,-0.8167853667855685,-0.37462745170517797
0.6259679794311523,-0.6281853667855692,-0.44999745170517813
0.6298739910125732,-0.5563853667855696,-0.43364745170517804
0.633807897567749,-0.5730953667855694,-0.37121745170517806
0.6377518177032471,-0.17598536678556798,-0.5271974517051781
0.6416878700256348,-0.3827153667855683,-0.38411745170517797
0.6456468105316162,-0.35261536678556915,-0.455837451705178
0.6495897769927979,-0.18636536678556936,-0.42457745170517813
0.6535229682922363,-0.1777853667855691,-0.3846774517051781
0.6574609279632568,-0.42090536678556845,-0.4804974517051781
0.6613788604736328,-0.17445536678556905,-0.40783745170517816
0.6653139591217041,-0.38532536678556895,-0.43247745170517815
0.6692709922790527,-0.194425366785568,-0.3322774517051781
0.6731688976287842,-0.5151253667855684,-0.2845454517051781
0.6771159172058105,-0.762435366785569,-0.525667451705178
0.6810498237609863,-0.7656153667855694,-0.39910745170517803
0.6850109100341797,-1.2652653667855684,-0.47477745170517816
0.6889958381652832,-0.9776353667855684,-0.47209745170517814
0.6929728984832764,-0.8419253667855688,-0.431167451705178
0.6969039440155029,-0.42481536678556964,-0.4697874517051781
0.7008798122406006,-0.5311553667855691,-0.36268745170517813
0.7047989368438721,-0.22371536678556936,-0.5115174517051781
0.7087199687957764,-0.02866536678556919,-0.4905274517051781
0.7126948833465576,-0.2919153667855685,-0.33325745170517806
0.7165968418121338,-0.29969536678556885,-0.485737451705178
0.7205729484558105,-0.5842153667855694,-0.3617374517051781
0.7244877815246582,-0.6099153667855681,-0.35555745170517805
0.7284529209136963,-1.0403353667855697,-0.508957451705178
0.7323648929595947,-1.1203153667855688,-0.4382274517051781
0.736299991607666,-1.1527953667855684,-0.5084274517051781
0.7402288913726807,-1.1905453667855692,-0.46543745170517803
0.7441668510437012,-0.8294253667855696,-0.46182745170517814
0.7481269836425781,-0.45312536678556903,-0.431637451705178
0.7520208358764648,-0.5966153667855689,-0.36311745170517806
0.7559719085693359,-0.38891536678556804,-0.41603745170517814
0.7599198818206787,-0.6265653667855684,-0.34521745170517804
0.7638759613037109,-0.5456753667855683,-0.36021745170517816
0.7677998542785645,-0.7894653667855689,-0.4365674517051781
0.7717318534851074,-0.9668653667855693,-0.342537451705178
0.7757008075714111,-1.3834553667855687,-0.44413745170517815
0.7796118259429932,-1.650975366785568,-0.41707745170517807
0.7835369110107422,-1.5592853667855682,-0.45915745170517797
0.7874829769134521,-1.2879253667855686,-0.5443874517051781
0.791409969329834,-1.077355366785568,-0.38794745170517797
0.7953379154205322,-0.9520353667855694,-0.4684974517051781
0.799285888671875,-0.4232753667855693,-0.34821745170517815
0.8032948970794678,-0.8254353667855696,-0.3157774517051781
0.8072459697723389,-0.6327053667855687,-0.49524745170517814
0.8112099170684814,-0.9028553667855697,-0.3599374517051781
0.8151309490203857,-1.4339953667855685,-0.4795174517051781
0.8190569877624512,-1.3480853667855683,-0.555967451705178
0.8229658603668213,-1.8804053667855687,-0.3625474517051781
0.8269069194793701,-1.3071853667855695,-0.5361874517051781
0.8308568000793457,-1.118385366785569,-0.364157451705178
0.83477783203125,-1.3198153667855692,-0.3653374517051782
0.838716983795166,-0.30207536678556934,-0.464077451705178
0.8426458835601807,-0.778275366785568,-0.2966074517051781
0.8466007709503174,-0.9147853667855692,-0.4112174517051781
0.8505299091339111,-0.9796553667855683,-0.33484745170517805
0.8544418811798096,-1.092435366785569,-0.413437451705178
0.858381986618042,-0.9373753667855684,-0.48536745170517803
0.8623678684234619,-1.8743353667855693,-0.33703745170517796
0.866278886795044,-1.6904853667855697,-0.47726745170517804
0.8702178001403809,-1.3799153667855695,-0.3770574517051781
0.8741588592529297,-1.4946253667855682,-0.443097451705178
0.8781077861785889,-0.9589853667855692,-0.44767745170517803
0.8820769786834717,-1.2735153667855688,-0.33526745170517813
0.8859808444976807,-1.023415366785569,-0.407677451705178
0.8899478912353516,-1.190225366785569,-0.369787451705178
0.8938689231872559,-1.5971453667855684,-0.384187451705178
0.8977928161621094,-1.5480853667855694,-0.482547451705178
0.9016838073730469,-1.7559653667855688,-0.402187451705178
0.9056158065795898,-1.8584453667855687,-0.5364974517051782
0.9095509052276611,-1.5968053667855688,-0.517527451705178
0.9135468006134033,-1.6489453667855685,-0.34484745170517805
0.9174869060516357,-1.347505366785569,-0.4265374517051781
0.9214339256286621,-1.0964853667855685,-0.36750745170517796
0.9253427982330322,-1.2746053667855683,-0.389207451705178
0.9292988777160645,-1.0908553667855685,-0.4461274517051781
0.933283805847168,-1.8945953667855697,-0.37433745170517807
0.9371988773345947,-1.7536553667855692,-0.603137451705178
0.9411427974700928,-1.8680953667855693,-0.4108074517051781
0.9450459480285645,-2.083875366785569,-0.521767451705178
0.9489607810974121,-1.3257753667855692,-0.47374745170517807
0.9529628753662109,-1.178585366785569,-0.3391374517051782
0.956859827041626,-0.5434653667855684,-0.46760745170517803
0.9607908725738525,-0.9003553667855684,-0.3561074517051781
0.964714765548706,-1.4731453667855696,-0.440487451705178
0.9686369895935059,-1.067665366785569,-0.535487451705178
0.9725918769836426,-1.8553053667855686,-0.44271745170517796
0.9765439033508301,-2.0380253667855692,-0.4888374517051781
0.9804668426513672,-1.5886453667855687,-0.386867451705178
0.984375,-1.9204653667855691,-0.392017451705178
0.9883139133453369,-1.4765153667855682,-0.44884745170517815
0.9922518730163574,-1.6156453667855697,-0.2849274517051781
0.9961819648742676,-1.595535366785569,-0.38580745170517816
1.0001649856567383,-2.170985366785569,-0.40341745170517807
1.0041019916534424,-2.458475366785569,-0.4115574517051781
1.008025884628296,-1.9381253667855685,-0.5020974517051782
1.0119338035583496,-1.938135366785568,-0.339617451705178
1.0158767700195312,-1.5430353667855687,-0.41964745170517803
1.0198099613189697,-1.477175366785568,-0.35711745170517806
1.023817777633667,-1.9245253667855682,-0.27611945170517804
1.0278048515319824,-1.9451253667855681,-0.45001745170517804
1.0317118167877197,-2.2960653667855686,-0.39522745170517815
1.0356438159942627,-2.532145366785569,-0.527727451705178
1.039592981338501,-2.0180053667855686,-0.514007451705178
1.043508768081665,-2.6808953667855686,-0.2886274517051781
1.047440767288208,-2.022855366785569,-0.47355745170517816
1.051407814025879,-1.7355553667855688,-0.32344745170517797
1.0553297996520996,-2.1865053667855685,-0.37755745170517807
1.0592718124389648,-2.107265366785569,-0.4589374517051781
1.0632059574127197,-3.2157853667855685,-0.395677451705178
1.0671169757843018,-2.6291153667855687,-0.508777451705178
1.071037769317627,-2.1707653667855684,-0.3783074517051781
1.074976921081543,-2.055835366785569,-0.404827451705178
1.0789308547973633,-1.7563453667855686,-0.35228745170517817
1.0828559398651123,-2.554715366785569,-0.3066574517051781
1.0868017673492432,-2.1088453667855687,-0.4095574517051781
1.090742826461792,-2.8194853667855693,-0.35933745170517817
1.0946969985961914,-2.577895366785569,-0.5362874517051781
1.0986649990081787,-2.545025366785569,-0.5773074517051782
1.1025559902191162,-3.0616453667855685,-0.36184745170517796
1.1065328121185303,-2.6820653667855687,-0.4475874517051781
1.1104528903961182,-2.0446853667855684,-0.353547451705178
1.1143898963928223,-1.9224053667855685,-0.2819864517051781
1.1183397769927979,-2.098445366785569,-0.5499774517051781
1.1222529411315918,-2.2774653667855684,-0.3940374517051781
1.1262288093566895,-2.7567953667855685,-0.469737451705178
1.13016676902771,-2.000725366785569,-0.393137451705178
1.1341848373413086,-2.5399153667855687,-0.298457451705178
1.1381189823150635,-1.7509453667855688,-0.413137451705178
1.142056941986084,-2.6425853667855685,-0.28934345170517806
1.1459848880767822,-3.084135366785569,-0.42164745170517803
1.1499109268188477,-2.2678853667855687,-0.397847451705178
1.1538739204406738,-3.186115366785569,-0.34157745170517817
1.157801866531372,-2.482175366785569,-0.41881745170517815
1.161728858947754,-2.775015366785569,-0.30195745170517807
1.1656839847564697,-2.9461453667855686,-0.4029174517051781
1.1696269512176514,-2.829955366785569,-0.412187451705178
1.1735479831695557,-3.5080853667855685,-0.42671745170517816
1.177489995956421,-2.618765366785569,-0.5063974517051781
1.1814219951629639,-2.6259553667855693,-0.38429745170517804
1.1853578090667725,-2.731675366785569,-0.437707451705178
1.1893057823181152,-2.290145366785569,-0.36880745170517804
1.1932508945465088,-2.8166653667855686,-0.288693451705178
1.1971728801727295,-3.1822353667855685,-0.402087451705178
1.2011189460754395,-3.059315366785569,-0.380327451705178
1.2050549983978271,-2.9409853667855685,-0.463297451705178
1.208974838256836,-2.855855366785569,-0.3301774517051781
1.2128949165344238,-3.2520253667855687,-0.3668474517051781
1.2168288230895996,-3.2360753667855686,-0.39956745170517816
1.2207658290863037,-3.1483853667855692,-0.2352924517051781
1.2246959209442139,-3.818605366785569,-0.3579374517051781
1.2286429405212402,-3.3185153667855687,-0.452827451705178
1.2325489521026611,-3.8942953667855686,-0.3829174517051781
1.2365078926086426,-3.1435053667855692,-0.43251745170517797
1.2404439449310303,-2.9749353667855685,-0.38407745170517815
1.2444438934326172,-3.441095366785569,-0.3085574517051781
1.2484188079833984,-2.910425366785569,-0.5040974517051782
1.252351999282837,-3.265155366785569,-0.40166745170517815
1.2562649250030518,-2.7793653667855684,-0.432387451705178
1.2602128982543945,-2.664625366785569,-0.29928545170517806
1.2641408443450928,-3.431005366785569,-0.30428845170517804
1.268082857131958,-2.8366953667855688,-0.439777451705178
1.2720508575439453,-3.740195366785569,-0.258833451705178
1.275998830795288,-4.105055366785569,-0.404557451705178
1.2799417972564697,-3.175555366785569,-0.4082474517051782
1.283876895904541,-4.097765366785569,-0.324637451705178
1.2878217697143555,-2.9276353667855686,-0.336057451705178
1.2917799949645996,-3.3627953667855692,-0.1989964517051781
1.295738935470581,-3.715775366785569,-0.37141745170517804
1.2996838092803955,-3.648715366785569,-0.3976274517051781
1.303621768951416,-4.200485366785569,-0.2593194517051781
1.3075578212738037,-3.6415553667855685,-0.321757451705178
1.3114869594573975,-3.3730153667855687,-0.31030745170517804
1.315422773361206,-3.933375366785569,-0.41197745170517797
1.319356918334961,-3.1888553667855692,-0.254980451705178
1.3233118057250977,-4.321655366785569,-0.16005845170517807
1.327258825302124,-4.026545366785569,-0.5399174517051781
1.3311657905578613,-4.029965366785569,-0.43883745170517807
1.3350918292999268,-4.164925366785569,-0.39009745170517807
1.3390388488769531,-2.8947953667855693,-0.33589745170517804
1.3429818153381348,-3.5472153667855686,-0.24203145170517804
1.3469288349151611,-3.2378153667855685,-0.48233745170517817
1.3508827686309814,-4.236065366785569,-0.27031745170517807
1.3549039363861084,-4.4689053667855685,-0.3534974517051781
1.3588628768920898,-3.031115366785569,-0.429607451705178
1.3627958297729492,-4.096645366785569,-0.30375645170517807
1.366731882095337,-3.967935366785569,-0.2686974517051781
1.370682954788208,-3.8033453667855692,-0.1972354517051781
1.374621868133545,-4.593305366785569,-0.26704645170517805
1.3785698413848877,-4.090285366785569,-0.5404874517051781
1.382523775100708,-5.4685753667855685,-0.2532184517051781
1.3864779472351074,-4.706205366785569,-0.428897451705178
1.3904569149017334,-4.102555366785569,-0.1869424517051781
1.3944149017333984,-4.0061153667855685,-0.3573974517051781
1.3983399868011475,-3.8710253667855685,-0.326537451705178
1.4022839069366455,-4.289725366785569,-0.363277451705178
1.4062309265136719,-4.651465366785569,-0.3514674517051781
1.4102277755737305,-3.996345366785569,-0.37099745170517817
1.4142379760742188,-4.817325366785568,-0.39780745170517817
1.418179988861084,-4.294945366785569,-0.3831874517051781
1.4221599102020264,-4.127925366785568,-0.23870245170517812
1.4260737895965576,-4.577425366785569,-0.46759745170517797
1.4300518035888672,-3.6454053667855693,-0.4381674517051781
1.4339537620544434,-4.855735366785569,-0.33977745170517815
1.43788480758667,-4.044625366785569,-0.3829174517051781
1.4418089389801025,-3.674415366785569,-0.2724774517051781
1.4457769393920898,-4.2630353667855685,-0.43266745170517806
1.449704885482788,-3.7713353667855687,-0.3235374517051781
1.4536609649658203,-5.007245366785569,-0.353617451705178
1.4576098918914795,-3.919695366785569,-0.44122745170517796
1.4615349769592285,-4.440885366785569,-0.21372445170517806
1.4654998779296875,-4.295815366785569,-0.35840745170517807
1.4693949222564697,-3.898035366785569,-0.33462745170517816
1.4733378887176514,-5.393825366785569,-0.2238684517051781
1.4772779941558838,-4.624635366785569,-0.4000374517051781
1.4812347888946533,-5.111995366785568,-0.2975844517051781
1.4851689338684082,-4.867755366785569,-0.40819745170517807
1.489102840423584,-4.233765366785569,-0.25188445170517804
1.4930357933044434,-4.957185366785569,-0.19777545170517807
1.4969918727874756,-4.961365366785569,-0.3533974517051781
1.500938892364502,-5.185415366785569,-0.339617451705178
1.5048668384552002,-5.3136653667855684,-0.3290974517051781
1.5088298320770264,-4.330395366785569,-0.3550574517051781
1.512765884399414,-5.389105366785569,-0.24447445170517812
1.516706943511963,-5.064215366785569,-0.419537451705178
1.5207569599151611,-4.317525366785569,-0.2005874517051781
1.524634838104248,-5.323935366785569,-0.377817451705178
1.528554916381836,-4.279805366785569,-0.41990745170517796
1.5324859619140625,-5.199065366785569,-0.3566174517051781
1.536435842514038,-5.331805366785569,-0.3457374517051781
1.5404157638549805,-4.892535366785569,-0.2184744517051781
1.5443379878997803,-5.055015366785569,-0.34999745170517804
1.5483129024505615,-4.715775366785569,-0.34781745170517797
1.5522198677062988,-5.520135366785569,-0.305982451705178
1.5561749935150146,-5.052135366785569,-0.4136274517051781
1.5601239204406738,-5.097295366785569,-0.32101745170517804
1.564058780670166,-5.292765366785569,-0.2637124517051781
1.5680158138275146,-5.216975366785569,-0.3631574517051781
1.5719549655914307,-5.614665366785569,-0.20240645170517801
1.5759069919586182,-5.942985366785569,-0.42593745170517816
1.5798227787017822,-4.234885366785569,-0.38170745170517817
1.5837528705596924,-5.479795366785569,-0.314097451705178
1.5876879692077637,-4.772545366785569,-0.300689451705178
1.5916109085083008,-5.883335366785569,-0.3004414517051781
1.5955398082733154,-5.225155366785569,-0.32193745170517807
1.599503993988037,-4.924735366785569,-0.301349451705178
1.6034398078918457,-6.099025366785568,-0.33269745170517817
1.607381820678711,-5.4855153667855685,-0.3758674517051781
1.6113488674163818,-5.8289853667855684,-0.2530874517051781
1.6152958869934082,-5.324255366785569,-0.3358074517051781
1.6192309856414795,-4.573045366785569,-0.30007645170517805
1.6231529712677002,-5.092095366785569,-0.312237451705178
1.627100944519043,-5.501315366785569,-0.39339745170517815
1.6311099529266357,-5.180345366785569,-0.2306594517051781
1.6350338459014893,-5.624605366785569,-0.3043474517051781
1.6389739513397217,-4.642015366785569,-0.2648864517051781
1.6429457664489746,-5.826765366785569,-0.24717745170517802
1.6468429565429688,-5.857335366785569,-0.2978574517051781
1.6508159637451172,-6.2792453667855685,-0.26798445170517804
1.6547517776489258,-6.072815366785569,-0.34401745170517817
1.6586878299713135,-5.802375366785569,-0.30443145170517805
1.6626417636871338,-5.885405366785569,-0.22696245170517804
1.6666128635406494,-6.138995366785569,-0.3726174517051781
1.670543909072876,-5.505085366785569,-0.16802145170517802
1.674475908279419,-6.2896153667855685,-0.31411745170517813
1.6784617900848389,-5.732135366785569,-0.38548745170517806
1.6824238300323486,-6.151815366785569,-0.3318374517051781
1.6863329410552979,-5.646215366785569,-0.31176745170517806
1.6902549266815186,-4.837655366785569,-0.24447545170517804
1.6942129135131836,-6.294225366785569,-0.24947645170517807
1.6981549263000488,-5.594935366785569,-0.33752745170517806
1.7021019458770752,-6.955695366785569,-0.342837451705178
1.706037998199463,-5.802105366785569,-0.32083745170517797
1.7099628448486328,-5.535995366785569,-0.26548345170517806
1.713918924331665,-6.363995366785568,-0.1966994517051781
1.7178387641906738,-5.7464953667855685,-0.327587451705178
1.721780776977539,-6.030305366785569,-0.1165124517051781
1.725700855255127,-7.065365366785569,-0.35143745170517815
1.7296619415283203,-5.614555366785569,-0.35546745170517813
1.7336139678955078,-6.955695366785569,-0.2864254517051781
1.7375078201293945,-6.1394653667855685,-0.2627974517051781
1.7415168285369873,-6.266955366785568,-0.17199845170517802
1.7454619407653809,-5.899165366785569,-0.2578124517051781
1.7493867874145508,-5.922145366785569,-0.2703494517051781
1.7533187866210938,-6.394715366785569,-0.252806451705178
1.7572448253631592,-6.013795366785569,-0.2966604517051781
1.7611799240112305,-6.418635366785569,-0.14683845170517806
1.7651519775390625,-6.300685366785569,-0.293967451705178
1.769054889678955,-5.7663653667855685,-0.27690345170517805
1.7729778289794922,-6.558035366785569,-0.24717045170517804
1.7768938541412354,-6.778935366785569,-0.39883745170517804
1.7808449268341064,-6.5158753667855684,-0.17757145170517807
1.7848317623138428,-6.602815366785569,-0.37414745170517816
1.7887578010559082,-5.467185366785569,-0.24072545170517812
1.7927138805389404,-6.966405366785569,-0.30308745170517803
1.7966358661651611,-6.411155366785569,-0.258744451705178
1.8006458282470703,-7.360775366785569,-0.27916145170517803
1.8045477867126465,-6.456885366785569,-0.3169974517051781
1.8085038661956787,-5.774805366785569,-0.278157451705178
1.8124289512634277,-6.542295366785568,-0.20770145170517806
1.816391944885254,-6.7647953667855685,-0.30984745170517813
1.8203208446502686,-5.770645366785569,-0.21864245170517804
1.8242518901824951,-7.009315366785569,-0.2885564517051781
1.828197956085205,-6.207005366785569,-0.24610745170517812
1.8321588039398193,-6.811735366785569,-0.24370345170517804
1.8360838890075684,-6.411115366785569,-0.3080234517051781
1.8400158882141113,-5.742615366785569,-0.20379645170517802
1.8439888954162598,-6.715375366785569,-0.2455434517051781
1.8478939533233643,-6.136455366785569,-0.322907451705178
1.8519399166107178,-7.434095366785568,-0.26911245170517806
1.8558728694915771,-7.064005366785569,-0.36448745170517816
1.8598358631134033,-6.173185366785569,-0.24437845170517802
1.8637549877166748,-6.802205366785569,-0.15771845170517806
1.8677058219909668,-6.370595366785569,-0.2448294517051781
1.8716628551483154,-6.625855366785569,-0.09899845170517807
1.8756368160247803,-7.330545366785569,-0.4348874517051782
1.8795628547668457,-6.458685366785569,-0.33598745170517796
1.8835258483886719,-7.407425366785569,-0.3290574517051781
1.8874528408050537,-6.475155366785569,-0.24765845170517808
1.8913779258728027,-6.612195366785569,-0.16193345170517803
1.8953619003295898,-6.391675366785568,-0.2415704517051781
1.8992798328399658,-6.304685366785568,-0.2617774517051781
1.9032177925109863,-7.230835366785569,-0.2508824517051781
1.9071528911590576,-6.364455366785569,-0.3431374517051782
1.911099910736084,-6.827985366785569,-0.10259645170517806
1.9150798320770264,-7.509355366785568,-0.19442845170517808
1.9190027713775635,-6.251625366785569,-0.23080045170517804
1.9229679107666016,-7.274445366785569,-0.253640451705178
1.9268889427185059,-6.683305366785569,-0.20646445170517802
1.9308419227600098,-6.863675366785569,-0.17150245170517808
1.9348039627075195,-7.653935366785569,-0.16806045170517803
1.9387619495391846,-6.520135366785569,-0.1661244517051781
1.9426748752593994,-7.381015366785569,-0.2600604517051781
1.9466559886932373,-7.567465366785569,-0.27567145170517804
1.9505648612976074,-7.514705366785568,-0.261879451705178
1.954514980316162,-7.668695366785569,-0.2644584517051781
1.9584548473358154,-6.813575366785569,-0.22103945170517802
1.962507963180542,-7.347475366785568,-0.17953645170517807
1.9664227962493896,-7.489935366785569,-0.28629745170517806
1.9703798294067383,-6.547785366785568,-0.08948145170517807
1.9743049144744873,-8.37898536678557,-0.24416045170517808
1.9782509803771973,-6.585525366785569,-0.310847451705178
1.9821949005126953,-7.360335366785568,-0.178260451705178
1.9861629009246826,-6.858045366785569,-0.21141845170517803
1.990142822265625,-7.031155366785569,-0.11991645170517806
1.9940288066864014,-7.719055366785569,-0.08041445170517802
1.9979619979858398,-7.128215366785569,-0.19981945170517812
2.001910924911499,-7.800375366785569,-0.17207645170517805
2.005854845046997,-7.348365366785568,-0.3507174517051781
2.0097908973693848,-7.255565366785569,-0.18949545170517812
2.0137407779693604,-7.380765366785569,-0.18303345170517804
2.017681837081909,-6.9336653667855686,-0.2653654517051781
2.0216169357299805,-7.423745366785569,-0.13894745170517808
2.0255699157714844,-7.755755366785569,-0.3975274517051781
2.0295019149780273,-6.708055366785569,-0.25923145170517803
2.0334417819976807,-7.5747153667855684,-0.2389064517051781
2.037400960922241,-6.702945366785569,-0.12337145170517805
2.0413928031921387,-7.9099253667855685,-0.17491745170517803
2.0452959537506104,-7.712785366785569,-0.13152045170517812
2.0492489337921143,-7.123765366785569,-0.24341745170517803
2.053222894668579,-7.825145366785569,-0.29213845170517805
2.057111978530884,-7.165565366785569,-0.19236545170517805
2.06105899810791,-7.591355366785569,-0.14035945170517805
2.0649938583374023,-7.659075366785569,-0.19682445170517804
2.0689399242401123,-6.462955366785569,-0.06628345170517802
2.0729658603668213,-8.020795366785569,-0.22028745170517805
2.07690691947937,-8.083165366785568,-0.36643745170517805
2.0808658599853516,-7.227735366785569,-0.11231645170517801
2.084796905517578,-8.161885366785569,-0.23210945170517805
2.088747978210449,-6.823595366785568,-0.1924364517051781
2.092711925506592,-7.599205366785569,-0.18126845170517802
2.0966618061065674,-7.314245366785569,-0.2682064517051781
2.100599765777588,-7.655955366785569,-0.20876945170517802
2.104538917541504,-8.019475366785569,-0.25666145170517807
2.108480930328369,-7.150215366785568,-0.159554451705178
2.112407922744751,-7.291485366785569,-0.07185245170517807
2.116370916366577,-7.532725366785568,-0.26120845170517804
2.120370864868164,-7.239285366785569,-0.10078445170517802
2.12428879737854,-8.507725366785568,-0.2527314517051781
2.128208875656128,-7.724935366785569,-0.17462445170517804
2.1321539878845215,-7.9127853667855685,-0.20898245170517804
2.136093854904175,-7.390855366785569,-0.15262645170517808
2.14005184173584,-7.236965366785569,-0.12910545170517806
2.1439929008483887,-7.897895366785569,-0.1429244517051781
2.147925853729248,-7.842045366785569,-0.1456544517051781
2.1518869400024414,-8.25346536678557,-0.2085594517051781
2.1558167934417725,-7.762565366785569,-0.23720545170517804
2.15975284576416,-7.786785366785569,-0.1538274517051781
2.1637067794799805,-8.423565366785569,-0.13815545170517807
2.1676909923553467,-7.4768353667855685,-0.17523745170517802
2.1716198921203613,-7.966005366785569,-0.053106451705178026
2.1755869388580322,-8.38536536678557,-0.2034554517051781
2.179506778717041,-7.352005366785569,-0.17066345170517805
2.1835038661956787,-8.29865536678557,-0.16008545170517807
2.1874358654022217,-7.522475366785569,-0.11949145170517805
2.1913797855377197,-7.941755366785569,-0.10451145170517806
2.1953039169311523,-8.13780536678557,-0.19663645170517807
2.1992359161376953,-7.730215366785568,-0.22366545170517804
2.203187942504883,-8.24206536678557,-0.14847945170517807
2.207129955291748,-7.7664853667855684,-0.2691104517051781
2.2110538482666016,-7.957615366785569,-0.025844451705178018
2.2149858474731445,-8.29400536678557,-0.17844745170517806
2.2189297676086426,-7.201495366785569,-0.15144245170517812
2.2228598594665527,-8.473915366785569,-0.1094314517051781
2.2267959117889404,-7.961505366785569,-0.3002394517051781
2.230724811553955,-7.672195366785569,-0.07289845170517806
2.234644889831543,-8.68002536678557,-0.15553345170517807
2.2385787963867188,-7.514745366785569,-0.11446545170517808
2.2425408363342285,-8.367965366785569,-0.00693145170517806
2.24649977684021,-8.275725366785569,-0.16759445170517806
2.2504968643188477,-8.14348536678557,-0.10853345170517803
2.2544758319854736,-8.663875366785568,-0.16055445170517801
2.2584359645843506,-7.849715366785569,-0.1194314517051781
2.262363910675049,-8.269445366785568,-0.025720451705178116
2.266312837600708,-8.016025366785568,-0.26541345170517805
2.2702348232269287,-7.122005366785569,-0.10351745170517812
2.274176836013794,-9.174961366785569,-0.23959045170517812
2.278129816055298,-7.754825366785569,-0.18105945170517812
2.2820839881896973,-8.34754536678557,-0.10115845170517812
2.2860279083251953,-8.545235366785569,-0.2096294517051781
2.289942979812622,-7.345665366785569,-0.14875245170517803
2.293872833251953,-8.739415366785568,-0.1479514517051781
2.2978179454803467,-7.802515366785569,-0.16519645170517805
2.301745891571045,-8.466465366785568,-0.15018245170517808
2.3056797981262207,-8.223925366785569,-0.2541614517051781
2.3096048831939697,-7.6660253667855685,-0.09765945170517809
2.313539981842041,-8.57122536678557,-0.10639245170517808
2.3174989223480225,-8.023095366785569,-0.24769645170517807
2.3214449882507324,-7.744155366785568,0.022911548294821893
2.325399875640869,-8.834905366785568,-0.22708945170517802
2.3293168544769287,-7.725885366785569,-0.1606464517051781
2.3332319259643555,-8.776765366785568,-0.11296945170517803
2.3372039794921875,-8.143255366785569,-0.07219945170517805
2.341155767440796,-8.033715366785568,-0.07453945170517806
2.3451099395751953,-8.09012536678557,-0.13522445170517805
2.3490188121795654,-8.35063536678557,-0.18237345170517805
2.3529648780822754,-8.766475366785569,-0.16090045170517808
2.3569109439849854,-8.377535366785569,-0.09202045170517803
2.3609249591827393,-8.313215366785569,0.03453554829482197
2.364896774291992,-8.439895366785569,-0.0863974517051781
2.368820905685425,-7.9156953667855685,-0.06998445170517809
2.372769832611084,-8.712345366785568,-0.1418784517051781
2.3766839504241943,-8.675065366785569,-0.22437245170517806
2.380624771118164,-7.8847753667855685,-0.06380045170517812
2.3845667839050293,-8.881265366785568,-0.04806045170517803
2.388518810272217,-7.954645366785568,-0.027458451705178022
2.392474889755249,-8.356815366785568,-0.05566745170517806
2.3963959217071533,-8.67547536678557,-0.11962245170517805
2.4003329277038574,-8.080075366785568,-0.11577645170517803
2.404308795928955,-8.694985366785568,-0.1031884517051781
2.408221960067749,-8.174785366785569,-0.0035114517051780814
2.4121768474578857,-8.251705366785568,0.04537254829482196
2.4160897731781006,-8.70170536678557,-0.13615145170517806
2.4200918674468994,-8.007465366785569,-0.010008451705178056
2.424006938934326,-8.96056536678557,-0.15907245170517803
2.4279608726501465,-8.518605366785568,-0.16947945170517809
2.431886911392212,-8.382325366785569,-0.028138451705178036
2.4358439445495605,-8.665025366785569,-0.1472374517051781
2.439753770828247,-8.107045366785568,-0.059091451705178044
2.4436848163604736,-8.648795366785569,-0.04881645170517812
2.447622776031494,-8.596615366785569,-0.17161645170517803
2.4515697956085205,-8.439635366785568,-0.08722045170517811
2.455526828765869,-8.758405366785569,-0.20206045170517806
2.4594779014587402,-8.43871536678557,-0.05657845170517806
2.4634408950805664,-8.365915366785568,-0.03547845170517805
2.4673709869384766,-8.489515366785568,-0.06043345170517811
2.4713969230651855,-8.37621536678557,0.02201254829482191
2.475327968597412,-9.01862536678557,-0.2679944517051781
2.47928786277771,-8.69114536678557,-0.11071145170517804
2.48317289352417,-8.659065366785569,-0.1379324517051781
2.487109899520874,-8.249295366785569,-0.028144451705178097
2.4910519123077393,-8.217075366785568,0.06916854829482189
2.494985818862915,-8.589905366785569,-0.09184045170517807
2.498926877975464,-8.49727536678557,-0.03627245170517812
2.50290584564209,-8.842225366785568,-0.11499645170517803
2.5067989826202393,-8.725185366785569,-0.1341764517051781
2.5107288360595703,-8.40947536678557,0.06095154829482197
2.514662981033325,-8.650915366785568,-0.1397244517051781
2.518601894378662,-7.979775366785569,-0.008046451705178037
2.5225839614868164,-8.72113536678557,-0.07540345170517804
2.5265228748321533,-8.968295366785568,-0.270234451705178
2.5304508209228516,-8.39287536678557,0.055617548294821906
2.534404993057251,-8.78798536678557,-0.06763645170517807
2.538348913192749,-8.18847536678557,-0.015536451705178034
2.5422427654266357,-8.397475366785569,0.11534354829482196
2.5461668968200684,-8.774925366785569,-0.10858045170517805
2.5500898361206055,-8.532105366785569,-0.09515645170517806
2.5540568828582764,-8.75983536678557,-0.15197745170517807
2.5579888820648193,-8.570125366785568,-0.09812845170517803
2.5619308948516846,-8.36569536678557,0.07127254829482188
2.5658609867095947,-8.59416536678557,-0.07003445170517808
2.5697879791259766,-8.24379536678557,-0.03918045170517803
2.5737249851226807,-8.789995366785568,-0.10919145170517808
2.577652931213379,-8.81882536678557,-0.09549245170517806
2.5816597938537598,-8.570025366785568,-0.043478451705178056
2.585632801055908,-8.646685366785569,-0.09634845170517803
2.5895228385925293,-8.264265366785569,-0.0013104517051780729
2.5934338569641113,-8.53770536678557,-0.04200345170517805
2.5973758697509766,-8.59359536678557,-0.05275245170517806
2.6013259887695312,-8.919225366785568,-0.07559445170517809
2.605257987976074,-8.764755366785568,-0.15037445170517805
2.6091768741607666,-8.428775366785569,0.006226548294821943
2.6131198406219482,-8.57993536678557,0.023433548294821915
2.617051839828491,-8.504975366785569,-0.06088545170517812
2.6210107803344727,-8.401905366785568,0.13678254829482195
2.624997854232788,-8.946195366785568,-0.04744045170517808
2.62886381149292,-8.41177536678557,-0.039179451705178114
2.6327967643737793,-8.519715366785569,-0.033181451705178056
2.636730909347534,-8.685275366785568,-0.05676045170517807
2.6406409740448,-8.35064536678557,0.10854754829482194
2.6445767879486084,-8.73933536678557,0.021120548294821906
2.6484999656677246,-8.479845366785568,-0.037575451705178065
2.65244197845459,-8.683245366785568,0.012083548294821944
2.656357765197754,-8.806875366785569,-0.1506234517051781
2.6602938175201416,-8.341045366785568,0.027513548294821888
2.664219856262207,-8.49712536678557,-0.07319245170517807
2.668146848678589,-8.481155366785568,-0.021305451705178058
2.672083854675293,-8.485645366785569,0.09078154829482188
2.676008939743042,-9.03596336678557,-0.1703794517051781
2.6799428462982178,-8.47276536678557,0.028952548294821967
2.6838788986206055,-8.691215366785569,-0.021312451705178037
2.6878468990325928,-8.54494536678557,0.04571354829482188
2.691802978515625,-8.175205366785569,0.05892554829482188
2.6957669258117676,-8.772205366785569,0.0461465482948219
2.6997039318084717,-8.439715366785569,-0.01660545170517802
2.703624963760376,-8.738695366785569,-0.04728145170517806
2.7075657844543457,-8.61635536678557,0.0007305482948218867
2.7114717960357666,-8.303455366785569,0.10122254829482191
2.715418815612793,-8.901015366785568,-0.00024045170517805747
2.7193589210510254,-8.46446536678557,0.07644754829482192
2.723331928253174,-8.670015366785568,-0.11272845170517809
2.7272679805755615,-9.132812366785569,-0.16731845170517812
2.7311899662017822,-8.221345366785568,0.07100954829482198
2.7357068061828613,-8.790185366785568,-0.04636445170517811
2.7390739917755127,-8.374315366785568,0.06514254829482191
2.743022918701172,-8.126705366785568,0.051767548294821886
2.747112989425659,-9.004636366785569,-0.021261451705178014
2.750900983810425,-8.321935366785569,0.042371548294821926
2.7548458576202393,-8.853755366785569,-0.025468451705178086
2.7587637901306152,-8.82177536678557,0.03171254829482195
2.7627038955688477,-8.19391536678557,0.11308454829482195
2.766633987426758,-8.89900536678557,-0.07881545170517812
2.7705578804016113,-8.352875366785568,0.20029054829482196
2.774540901184082,-8.55545536678557,-0.005031451705178047
2.778432846069336,-9.014569366785569,-0.06174545170517809
2.7823708057403564,-8.194975366785568,0.0886085482948219
2.7863008975982666,-8.814685366785568,-0.06927645170517804
2.7902638912200928,-8.612425366785569,0.10446854829482188
2.794167995452881,-8.445965366785568,0.0198115482948219
2.798095941543579,-8.983115366785569,0.0307455482948219
2.802109956741333,-8.223065366785569,-0.0008304517051780369
2.806043863296509,-8.792615366785569,-0.039789451705178114
2.809964895248413,-8.60499536678557,-0.0037714517051781193
2.8138887882232666,-8.459205366785568,0.04666254829482197
2.817816972732544,-9.022221366785569,0.054855548294821976
2.8217339515686035,-8.327825366785568,0.12361254829482193
2.8256828784942627,-8.72652536678557,-0.08194045170517805
2.829615831375122,-8.608595366785568,-0.0289514517051781
2.8335678577423096,-8.319645366785569,-0.055949451705178066
2.8374829292297363,-8.961255366785569,-0.05636845170517801
2.841432809829712,-8.26739536678557,0.17455354829482195
2.845369815826416,-8.772365366785568,0.016606548294821888
2.849329948425293,-8.71390536678557,-0.003336451705178045
2.8532958030700684,-8.177045366785569,-0.0066174517051780235
2.8571228981018066,-9.02439736678557,-0.12396545170517803
2.8609628677368164,-8.153925366785568,0.13376454829482198
2.864910840988159,-8.577585366785568,0.03339454829482191
2.8688478469848633,-8.929625366785569,0.11376154829482188
2.8727967739105225,-8.345845366785568,0.21854854829482195
2.876727819442749,-8.940665366785568,-0.10941945170517808
2.8806869983673096,-8.223635366785569,0.059427548294821886
2.8846328258514404,-8.324205366785568,0.0007335482948219729
2.888528823852539,-8.891715366785569,0.155250548294822
2.892443895339966,-8.273015366785568,0.18354454829482192
2.8964099884033203,-9.06592936678557,0.0533935482948219
2.900308847427368,-8.665795366785568,0.10847854829482195
2.9042749404907227,-8.389785366785569,0.05975754829482194
2.9081897735595703,-8.537005366785568,0.008559548294821973
2.9121928215026855,-8.26744536678557,0.1913235482948219
2.916120767593384,-8.436795366785569,0.012498548294821887
2.9200479984283447,-8.78945536678557,0.1852345482948219
2.9240148067474365,-8.108175366785568,0.04667754829482196
2.927910804748535,-8.93269536678557,-0.06552145170517809
2.9318408966064453,-8.318605366785569,0.17822954829482196
2.9357857704162598,-8.415545366785569,0.0019395482948219023
2.93971586227417,-8.908055366785568,0.14605354829482198
2.9436519145965576,-8.081475366785568,0.10528654829482198
2.947596788406372,-8.944375366785568,0.07034454829482195
2.951542854309082,-8.163225366785568,0.0927665482948219
2.9554779529571533,-8.93477536678557,0.009624548294821955
2.959406852722168,-8.87244536678557,0.037143548294821915
2.9633638858795166,-8.222995366785568,0.1410775482948219
2.9672608375549316,-8.93721536678557,-0.03421845170517812
2.9712259769439697,-8.341995366785568,0.24087754829482194
2.9751698970794678,-8.159655366785568,0.03594554829482188
2.979094982147217,-8.839635366785568,0.016045548294821965
2.982982873916626,-8.030985366785568,0.10168354829482196
2.986924886703491,-8.77767536678557,0.02268054829482191
2.990853786468506,-8.622625366785568,0.17107554829482197
2.994783878326416,-8.435445366785569,0.10109254829482195
2.998729944229126,-8.83650536678557,0.1355415482948219
3.0026228427886963,-7.719055366785569,-0.009346451705178116
3.006558895111084,-8.60480536678557,-0.05468645170517805
3.0104589462280273,-8.22850536678557,0.0682155482948219
3.0144569873809814,-8.420115366785568,0.1625405482948219
3.0183498859405518,-8.750955366785568,0.07771154829482196
3.022368907928467,-8.094655366785569,0.2762555482948219
3.0263288021087646,-8.371815366785569,-0.030272451705178116
3.0302939414978027,-8.527185366785568,0.05112754829482191
3.034214973449707,-7.814785366785569,-0.00817745170517803
3.0381598472595215,-8.578885366785569,-0.030073451705178056
3.0421009063720703,-8.20959536678557,0.18505954829482196
3.046050786972046,-8.33360536678557,0.08709554829482191
3.0499868392944336,-8.592735366785568,0.1522475482948219
3.053940773010254,-7.871475366785569,0.11640354829482191
3.0579168796539307,-8.63305536678557,0.027933548294821975
3.061863899230957,-7.978325366785569,0.14933154829482198
3.065778970718384,-8.627915366785569,0.05153354829482193
3.0697319507598877,-9.071672366785569,0.17515354829482188
3.0736618041992188,-7.691815366785569,0.19012054829482194
3.0776779651641846,-8.786245366785568,0.06709754829482195
3.081674814224243,-7.855075366785568,0.22105154829482193
3.085620880126953,-8.359985366785569,0.016946548294821895
3.08959698677063,-8.63869536678557,0.1768025482948219
3.093505859375,-7.561875366785569,0.14485154829482194
3.097446918487549,-8.759405366785568,0.11392154829482193
3.1014277935028076,-7.695165366785568,0.1990205482948219
3.105360984802246,-7.884215366785568,0.07536354829482195
3.109285831451416,-8.278965366785568,0.06556854829482195
3.113187789916992,-7.800385366785569,0.22775154829482191
3.1171228885650635,-8.152455366785569,0.018724548294821952
3.1210708618164062,-8.66600536678557,0.22019654829482194
3.124976873397827,-7.250865366785568,0.06121354829482195
3.1288998126983643,-8.403365366785568,0.06486054829482191
3.1328299045562744,-7.467025366785569,0.09688554829482199
3.136772871017456,-8.26373536678557,0.0722575482948219
3.1407017707824707,-8.407945366785569,0.16243454829482196
3.1446428298950195,-8.096005366785569,0.21274554829482195
3.1485819816589355,-8.14868536678557,0.14144754829482198
3.152521848678589,-7.153885366785569,0.1644985482948219
3.1564879417419434,-8.13535536678557,0.010706548294821983
3.1603989601135254,-7.729585366785569,0.18034954829482197
3.1643729209899902,-7.987135366785569,0.16066554829482194
3.1683058738708496,-8.281765366785569,0.12960454829482193
3.1722218990325928,-7.602215366785568,0.2648975482948219
3.176170825958252,-8.110415366785569,0.013863548294821948
3.1801488399505615,-8.017575366785568,0.21380154829482195
3.184083938598633,-7.357155366785569,0.1290555482948219
3.1880838871002197,-8.14478536678557,0.21018354829482194
3.1920628547668457,-7.309165366785569,0.23366754829482195
3.1959869861602783,-8.00276536678557,0.10645854829482193
3.1999318599700928,-8.08547536678557,0.08203054829482193
3.203856945037842,-7.726615366785569,0.12677454829482193
3.2077879905700684,-7.918595366785569,0.1203375482948219
3.2117269039154053,-7.5939253667855695,0.29672754829482195
3.2156779766082764,-7.616245366785568,0.14409854829482194
3.219594955444336,-8.609515366785569,0.16032654829482196
3.2235658168792725,-7.063915366785569,0.15712654829482198
3.2274649143218994,-8.14868536678557,0.060839548294821966
3.231430768966675,-8.053365366785568,0.1797025482948219
3.2353568077087402,-7.353095366785569,0.0924075482948219
3.239278793334961,-8.35583536678557,0.14699154829482197
3.2432169914245605,-7.582025366785569,0.16344654829482197
3.247152805328369,-8.27373536678557,0.17524954829482198
3.2511038780212402,-7.2516553667855685,0.14319554829482195
3.255034923553467,-7.697045366785568,0.13163954829482194
3.2589919567108154,-7.8363253667855695,0.12158154829482193
3.262924909591675,-7.1245453667855685,0.3159515482948219
3.2668509483337402,-7.503965366785569,0.06892054829482197
3.270803928375244,-7.584955366785569,0.32187754829482196
3.2747769355773926,-7.443965366785569,0.13361254829482194
3.2786948680877686,-8.05118536678557,0.11869054829482195
3.2826719284057617,-7.240015366785569,0.23914154829482193
3.2866039276123047,-7.707995366785569,0.08550954829482194
3.2905309200286865,-7.457905366785569,0.23639154829482195
3.2944488525390625,-7.294595366785568,0.20011354829482192
3.298438787460327,-7.9103453667855685,0.1656105482948219
3.3023829460144043,-7.108585366785569,0.16566954829482194
3.306321859359741,-7.927815366785569,0.049170548294821925
3.3102359771728516,-8.022665366785569,0.1192565482948219
3.31417179107666,-7.495235366785568,0.26066054829482194
3.3181169033050537,-7.962605366785569,0.20336854829482193
3.3220717906951904,-7.173665366785569,0.25488654829482194
3.325986862182617,-7.237515366785569,0.13024954829482194
3.329955816268921,-7.645145366785568,0.12538054829482193
3.3338639736175537,-7.137695366785569,0.17329654829482188
3.3378119468688965,-7.764985366785568,0.24141554829482192
3.341732978820801,-6.968535366785568,0.26495554829482193
3.3456549644470215,-7.935715366785569,0.20136854829482193
3.3496198654174805,-7.498685366785569,0.12095654829482194
3.353508949279785,-7.225555366785569,0.12837454829482198
3.3574488162994385,-7.589295366785569,0.02260854829482195
3.3613898754119873,-7.409485366785569,0.3029945482948219
3.3653488159179688,-7.606785366785569,0.15336954829482197
3.36928391456604,-8.157015366785568,0.24573754829482192
3.373206853866577,-6.792595366785569,0.2717755482948219
3.3771538734436035,-7.020965366785569,0.04980454829482195
3.381098985671997,-6.8395153667855695,0.21247454829482193
3.385023832321167,-7.442465366785569,0.1781115482948219
3.388950824737549,-7.767325366785569,0.2587465482948219
3.392896890640259,-7.193985366785569,0.2821785482948219
3.3968398571014404,-7.7746953667855685,0.2186705482948219
3.400775909423828,-6.796785366785569,0.31599854829482193
3.404716968536377,-7.115545366785569,0.27311454829482196
3.408716917037964,-7.4968453667855695,0.159161548294822
3.4126617908477783,-7.164995366785568,0.3399275482948219
3.4165849685668945,-7.331255366785569,0.18427454829482193
3.4205358028411865,-7.742285366785569,0.3110035482948219
3.424471855163574,-6.167005366785569,0.25793854829482193
3.4284207820892334,-7.598555366785568,0.16678254829482198
3.432356834411621,-7.134595366785569,0.2652255482948219
3.436295986175537,-7.035575366785569,0.2784645482948219
3.4402318000793457,-7.823395366785569,0.22107254829482192
3.444173812866211,-7.062785366785569,0.3284875482948219
3.4481167793273926,-7.128195366785569,0.16536354829482192
3.452070951461792,-6.702205366785568,0.25706654829482195
3.455962896347046,-7.024005366785569,0.10830654829482189
3.459901809692383,-7.775785366785569,0.15950354829482194
3.4638137817382812,-6.963255366785569,0.33661954829482194
3.4677209854125977,-7.230475366785569,0.1300285482948219
3.47163987159729,-7.193795366785569,0.3977655482948219
3.4755859375,-6.284605366785569,0.06253454829482197
3.4795169830322266,-7.482365366785569,0.133602548294822
3.483435869216919,-6.853375366785569,0.1532975482948219
3.487395763397217,-7.357235366785568,0.2604725482948219
3.4913599491119385,-6.656495366785569,0.2912845482948219
3.4953157901763916,-7.3005953667855685,0.17214854829482196
3.4992339611053467,-7.205965366785569,0.20469754829482195
3.503178834915161,-6.397375366785569,0.14585554829482195
3.5071208477020264,-6.856095366785569,0.0806975482948219
3.511063814163208,-6.9338553667855685,0.40235754829482195
3.515011787414551,-7.031905366785569,0.35479354829482196
3.519000768661499,-7.616655366785569,0.2621925482948219
3.5229578018188477,-6.947465366785568,0.2938905482948219
3.5268969535827637,-6.444665366785569,0.10428854829482193
3.5308218002319336,-7.056325366785568,0.17479354829482197
3.5347468852996826,-6.649985366785569,0.26576254829482193
3.538691997528076,-7.367395366785569,0.27104254829482194
3.5426368713378906,-7.218675366785568,0.2672545482948219
3.546531915664673,-7.120345366785569,0.23544154829482195
3.55049991607666,-6.722785366785569,0.2485035482948219
3.5543808937072754,-6.460585366785569,0.29710554829482194
3.5583338737487793,-7.106265366785569,0.17717954829482196
3.5622758865356445,-6.910605366785569,0.39564354829482196
3.5662219524383545,-6.646375366785569,0.15369354829482196
3.5701727867126465,-6.761665366785569,0.42543954829482195
3.5740909576416016,-5.448975366785569,0.22016054829482196
3.5780138969421387,-6.401825366785569,0.13915254829482193
3.5819637775421143,-6.2189253667855695,0.29182154829482193
3.585904836654663,-6.6316053667855694,0.23536754829482193
3.5898427963256836,-6.885105366785568,0.32429454829482196
3.5937929153442383,-6.482915366785569,0.33958654829482193
3.597754955291748,-6.5264053667855695,0.20893854829482195
3.6016929149627686,-5.907735366785569,0.24652754829482193
3.6056509017944336,-6.339315366785569,0.09009654829482194
3.609550952911377,-6.858635366785569,0.1582625482948219
3.6134839057922363,-6.908325366785569,0.35632254829482196
3.6174428462982178,-7.270845366785569,0.3693285482948219
3.621389865875244,-6.315975366785569,0.33838854829482196
3.625311851501465,-5.361785366785569,0.25756854829482195
3.62931489944458,-6.187855366785569,0.13111954829482197
3.633262872695923,-5.998975366785569,0.25724054829482196
3.6371748447418213,-6.5675553667855695,0.3032475482948219
3.641105890274048,-5.831145366785569,0.3765655482948219
3.645009994506836,-6.936305366785569,0.32846754829482194
3.64896297454834,-6.069905366785569,0.2613105482948219
3.6528987884521484,-5.612765366785569,0.21833354829482193
3.656820774078369,-6.1117353667855685,0.10760954829482194
3.660761833190918,-5.951905366785569,0.32256254829482195
3.664698839187622,-5.913695366785569,0.2807405482948219
3.668623924255371,-6.668125366785569,0.23322054829482192
3.672532796859741,-6.450265366785569,0.3680835482948219
3.6765217781066895,-5.654895366785569,0.13141254829482196
3.6804158687591553,-6.479435366785569,0.32255854829482195
3.6843438148498535,-5.577285366785569,0.3435605482948219
3.688288927078247,-6.721275366785569,0.30999154829482195
3.692241907119751,-6.303105366785569,0.33324954829482195
3.6961669921875,-6.033035366785569,0.3305265482948219
3.7001218795776367,-5.437825366785569,0.29470654829482196
3.7040469646453857,-5.465205366785569,0.2516255482948219
3.7079849243164062,-5.954815366785569,0.22540454829482193
3.7119147777557373,-5.863745366785569,0.38445254829482195
3.7158689498901367,-6.162185366785569,0.23959054829482196
3.71982479095459,-6.526435366785568,0.22994354829482194
3.7237448692321777,-5.016895366785569,0.34942854829482195
3.7276899814605713,-5.447285366785569,0.13194854829482194
3.7316207885742188,-5.778945366785569,0.15667454829482197
3.7355828285217285,-5.1782953667855685,0.19034454829482195
3.7395448684692383,-6.452505366785569,0.22323354829482195
3.7435309886932373,-5.884555366785569,0.3397345482948219
3.7474207878112793,-6.276045366785569,0.21295554829482194
3.751384973526001,-5.864655366785569,0.27193854829482195
3.7553229331970215,-5.351785366785569,0.16221854829482196
3.7592368125915527,-6.030415366785569,0.2011285482948219
3.763176918029785,-5.213985366785569,0.4482875482948219
3.7671449184417725,-5.542275366785569,0.22416354829482193
3.7710509300231934,-5.798025366785569,0.48493754829482194
3.7749829292297363,-4.639165366785569,0.18281154829482194
3.778925895690918,-5.476985366785569,0.21797454829482193
3.782867908477783,-5.237395366785569,0.29306554829482195
3.78680682182312,-5.543355366785569,0.3960995482948219
3.790745973587036,-5.953665366785569,0.46608454829482193
3.794684886932373,-5.554485366785569,0.40275854829482194
3.7985928058624268,-5.063365366785569,0.32980154829482194
3.8025269508361816,-4.901145366785569,0.2801745482948219
3.8064568042755127,-4.8305553667855685,0.29196254829482193
3.810421943664551,-5.147685366785569,0.4372145482948219
3.814347982406616,-4.359815366785569,0.503398548294822
3.8182899951934814,-5.585175366785569,0.22002254829482193
3.822227954864502,-4.995405366785569,0.40734754829482195
3.8261899948120117,-4.473685366785569,0.24131154829482193
3.830094814300537,-5.467885366785569,0.2752135482948219
3.8340108394622803,-4.786585366785569,0.41071654829482196
3.8379368782043457,-5.831825366785569,0.31837954829482196
3.8418498039245605,-5.082615366785569,0.4006475482948219
3.8457999229431152,-5.3084553667855685,0.37948154829482195
3.849803924560547,-5.048855366785569,0.2272765482948219
3.853766918182373,-4.570415366785569,0.3240675482948219
3.857724905014038,-5.305915366785569,0.27666854829482196
3.861646890640259,-5.3368653667855686,0.43790454829482195
3.865574836730957,-5.142255366785569,0.23656154829482196
3.869508981704712,-5.909955366785569,0.3612435482948219
3.8734288215637207,-4.309385366785569,0.36448554829482194
3.8773648738861084,-4.017695366785569,0.1977755482948219
3.881316900253296,-5.256645366785569,0.2378725482948219
3.885272979736328,-4.869745366785569,0.2262515482948219
3.889216899871826,-5.215155366785569,0.3714785482948219
3.893159866333008,-4.973555366785569,0.3763745482948219
3.8970987796783447,-4.905615366785569,0.3405605482948219
3.901014804840088,-4.571895366785569,0.28909954829482193
3.90498685836792,-5.064615366785569,0.21040354829482194
3.908890962600708,-5.261645366785569,0.2663335482948219
3.9128329753875732,-4.800345366785569,0.43084654829482194
3.916757822036743,-5.329225366785569,0.3399665482948219
3.9207589626312256,-4.966955366785569,0.4344305482948219
3.924733877182007,-4.300955366785569,0.3261905482948219
3.9286508560180664,-4.719995366785569,0.09579554829482195
3.9325878620147705,-4.732445366785569,0.3999415482948219
3.936518907546997,-4.351185366785569,0.3379125482948219
3.940464973449707,-4.908185366785569,0.39231654829482193
3.9444057941436768,-4.765015366785569,0.38078454829482195
3.9483189582824707,-4.521055366785569,0.27880254829482193
3.9522438049316406,-4.2348353667855685,0.3114015482948219
3.9562299251556396,-4.302855366785569,0.23989854829482193
3.9601337909698486,-4.745085366785569,0.39861554829482193
3.9640679359436035,-4.253515366785569,0.508165548294822
3.967993974685669,-4.8588253667855685,0.31438854829482193
3.971935987472534,-4.463655366785569,0.48487654829482196
3.9758808612823486,-3.647175366785569,0.13829654829482196
3.979836940765381,-4.403575366785569,0.31590854829482196
3.9837379455566406,-3.871525366785569,0.38041154829482193
3.9876677989959717,-4.016105366785569,0.3405065482948219
3.9916257858276367,-4.834925366785569,0.36736254829482196
3.9955689907073975,-4.598775366785569,0.32044254829482194
3.9994828701019287,-4.087035366785569,0.33588054829482195
4.003394842147827,-3.2068153667855688,0.28759654829482195
4.007356882095337,-4.3571853667855684,0.21681254829482194
4.011282920837402,-3.983745366785569,0.4663525482948219
4.0152058601379395,-4.299495366785568,0.30598154829482194
4.019166946411133,-4.448255366785569,0.31056054829482194
4.023071765899658,-3.8708553667855687,0.44799054829482193
4.02701997756958,-3.5792653667855685,0.2648335482948219
4.031049966812134,-4.261515366785569,0.37062654829482194
4.0349719524383545,-3.9208553667855686,0.42491454829482195
4.038910865783691,-4.503505366785569,0.35104454829482196
4.042819976806641,-3.9680153667855684,0.43049354829482195
4.046761989593506,-3.9982253667855687,0.33572454829482196
4.050701856613159,-3.439805366785569,0.36480454829482195
4.054663896560669,-3.267435366785569,0.2474205482948219
4.058570861816406,-4.344215366785569,0.3358135482948219
4.062547922134399,-4.171025366785569,0.44949454829482194
4.066478967666626,-3.971025366785569,0.33678054829482196
4.07039999961853,-4.599815366785569,0.46713554829482196
4.074314832687378,-2.990665366785569,0.35291854829482194
4.07821798324585,-3.883535366785569,0.12254354829482195
4.082172870635986,-3.798895366785569,0.30835454829482195
4.086077928543091,-4.019835366785569,0.29847954829482193
4.090028762817383,-3.8832053667855693,0.443839548294822
4.093929767608643,-4.164665366785568,0.443175548294822
4.097848892211914,-4.664155366785569,0.3429375482948219
4.101812839508057,-3.4407053667855685,0.38207954829482194
4.105714797973633,-3.8321453667855687,0.22533554829482194
4.10967493057251,-3.868405366785569,0.31968854829482196
4.113619804382324,-3.6447453667855685,0.44921254829482193
4.117550849914551,-3.291435366785569,0.34088854829482196
4.121482849121094,-3.186815366785569,0.44377254829482193
4.125425815582275,-2.4589753667855687,0.30994254829482193
4.129354000091553,-3.5724553667855687,0.10457854829482194
4.133310794830322,-3.3568753667855686,0.517876548294822
4.13727593421936,-3.3616453667855692,0.4227475482948219
4.141242980957031,-3.791855366785569,0.41398254829482195
4.145158767700195,-3.942475366785569,0.3391635482948219
4.149090766906738,-3.4980653667855686,0.4556435482948219
4.15300178527832,-2.5199753667855687,0.36192054829482195
4.156944990158081,-3.1179453667855688,0.3406635482948219
4.160899877548218,-3.232405366785569,0.33367354829482193
4.164825916290283,-3.401375366785569,0.4210255482948219
4.168777942657471,-3.4164253667855693,0.43738754829482196
4.172699928283691,-3.203615366785569,0.5704815482948219
4.17662787437439,-2.7196553667855685,0.19728654829482195
4.180564880371094,-2.9692753667855687,0.21476054829482194
4.184521913528442,-3.0694353667855685,0.36526154829482194
4.188493967056274,-3.1037853667855693,0.41050354829482194
4.1923887729644775,-3.3194553667855686,0.46548254829482194
4.196308851242065,-3.5324553667855687,0.28507754829482196
4.200263977050781,-3.213965366785569,0.5461235482948219
4.20422887802124,-2.5669753667855693,0.4424315482948219
4.208126783370972,-3.068885366785569,0.25826854829482193
4.212072849273682,-2.617635366785569,0.40144754829482193
4.216024875640869,-2.5094153667855688,0.47023554829482195
4.219981908798218,-2.815275366785569,0.42311854829482193
4.223906993865967,-2.220365366785569,0.5648185482948219
4.227810859680176,-2.2383753667855686,0.16019954829482197
4.2317328453063965,-2.675345366785569,0.46514354829482196
4.235683917999268,-2.029515366785569,0.39346154829482194
4.2396087646484375,-2.757715366785569,0.516983548294822
4.243574857711792,-2.687105366785569,0.502196548294822
4.247471809387207,-3.1942953667855685,0.35716554829482194
4.2515199184417725,-2.954585366785569,0.47620854829482195
4.255421876907349,-1.412375366785568,0.31447954829482194
4.259386777877808,-2.6016953667855685,0.29177554829482194
4.263338804244995,-2.363645366785569,0.41804754829482194
4.2672178745269775,-2.654725366785569,0.3154305482948219
4.2711639404296875,-3.3357653667855685,0.44997154829482194
4.275126934051514,-3.3011153667855693,0.3623245482948219
4.279054880142212,-2.993505366785569,0.3652475482948219
4.282968997955322,-2.2014453667855687,0.3298025482948219
4.286887884140015,-2.6381753667855685,0.26879154829482194
4.290823936462402,-2.5382253667855688,0.38898754829482196
4.2947609424591064,-3.165545366785569,0.42952254829482195
4.298721790313721,-2.779655366785569,0.39295154829482193
4.302640914916992,-2.610785366785569,0.5103175482948219
4.306571960449219,-2.226165366785569,0.3478675482948219
4.310527801513672,-1.2574553667855692,0.37483654829482194
4.314507961273193,-1.4827053667855683,0.29535854829482194
4.3183698654174805,-1.3853653667855692,0.37435054829482195
4.32233190536499,-2.3009753667855692,0.4512385482948219
4.326235771179199,-2.322095366785569,0.40497354829482196
4.330180883407593,-2.8285353667855686,0.40745754829482195
4.334118843078613,-2.390175366785569,0.5481725482948219
4.338080883026123,-2.108905366785569,0.2295215482948219
4.341998815536499,-2.5297153667855685,0.40370454829482194
4.345946788787842,-2.121715366785569,0.3082665482948219
4.34989595413208,-2.3733453667855686,0.514906548294822
4.353829860687256,-1.8047653667855688,0.4985075482948219
4.357780933380127,-2.1501853667855686,0.32629954829482194
4.361772775650024,-2.591235366785569,0.4571455482948219
4.365704774856567,-1.2194453667855694,0.4208805482948219
4.369619846343994,-1.2022253667855693,0.29723654829482193
4.373554944992065,-1.3176453667855696,0.38259954829482196
4.37751579284668,-1.7688253667855687,0.3373335482948219
4.381436824798584,-2.0699053667855685,0.5084965482948219
4.385389804840088,-1.390465366785568,0.4644505482948219
4.389317989349365,-2.383615366785569,0.39473254829482196
4.393207788467407,-1.9441953667855696,0.520890548294822
4.397126913070679,-1.0257353667855682,0.3141235482948219
4.401059865951538,-1.611535366785569,0.31460554829482196
4.4049999713897705,-1.690975366785569,0.3346945482948219
4.408920764923096,-2.306165366785569,0.3405475482948219
4.412859916687012,-2.3284953667855692,0.583128548294822
4.416788816452026,-2.0781853667855685,0.49471354829482195
4.420720815658569,-2.098915366785569,0.520172548294822
4.424645900726318,-1.6028353667855697,0.47828154829482195
4.428577899932861,-1.1842953667855696,0.28716954829482194
4.432506799697876,-1.054035366785568,0.3571855482948219
4.436441898345947,-1.0384453667855684,0.23781154829482193
4.440387964248657,-1.4580653667855685,0.35206754829482195
4.4443628787994385,-1.8916253667855685,0.47467254829482197
4.448269844055176,-2.2111353667855687,0.45958354829482195
4.452197790145874,-2.068385366785569,0.5036125482948219
4.456108808517456,-2.3043053667855684,0.37246954829482193
4.460058927536011,-1.5413753667855694,0.38754254829482193
4.463977813720703,-0.728745366785569,0.33808854829482193
4.467911958694458,-1.4958553667855696,0.21827954829482193
4.471904993057251,-1.683655366785569,0.4314575482948219
4.475835800170898,-1.6458853667855688,0.38937554829482196
4.479752779006958,-2.3011153667855693,0.48331754829482193
4.483689785003662,-1.7120553667855685,0.476479548294822
4.487605810165405,-1.6107953667855686,0.33942454829482194
4.491564989089966,-1.6985453667855683,0.4313455482948219
4.495459794998169,-0.7234053667855687,0.27486354829482196
4.499398946762085,-1.4408753667855692,0.3350185482948219
4.503323793411255,-1.3151353667855687,0.42089854829482193
4.5072479248046875,-1.9090753667855687,0.41758654829482195
4.511210918426514,-2.042605366785569,0.531152548294822
4.5151519775390625,-2.032825366785569,0.4649065482948219
4.519036769866943,-1.994555366785569,0.40701554829482195
4.522974967956543,-1.359655366785569,0.5482895482948219
4.526893854141235,-0.9443953667855691,0.38458554829482194
4.530818939208984,-0.3956053667855688,0.40056354829482194
4.534773826599121,-0.5179453667855682,0.3680775482948219
4.538731813430786,-0.9574353667855693,0.3087335482948219
4.5426249504089355,-1.1317053667855692,0.561871548294822
4.546555995941162,-1.0050253667855689,0.41556354829482195
4.550518989562988,-1.8664753667855685,0.5015075482948219
4.554411888122559,-1.2132953667855695,0.5020785482948219
4.558358907699585,-1.6551153667855694,0.33833454829482196
4.562272787094116,-1.7409653667855682,0.47821254829482196
4.566203832626343,-0.6396253667855696,0.3385955482948219
4.570174932479858,-0.9253353667855695,0.32427854829482194
4.574103832244873,-0.6266153667855683,0.3852715482948219
4.578020811080933,-0.766965366785568,0.32959854829482194
4.58200478553772,-1.3013953667855684,0.43638754829482196
4.585972785949707,-1.6029153667855685,0.3900995482948219
4.589867830276489,-1.823695366785568,0.5279805482948219
4.593794822692871,-1.473985366785568,0.556557548294822
4.597716808319092,-1.3638953667855684,0.36615154829482194
4.601656913757324,-1.011685366785569,0.4522815482948219
4.605621814727783,-0.4459853667855693,0.3602555482948219
4.609498977661133,-0.12488536678556805,0.32523254829482195
4.613459825515747,-0.09655536678556942,0.43451654829482195
4.617412805557251,-0.7029253667855695,0.3316325482948219
4.621351957321167,-1.0321953667855688,0.4894995482948219
4.625245809555054,-0.9062353667855696,0.43386154829482193
4.62916898727417,-1.3699653667855696,0.3776795482948219
4.633089780807495,-1.455145366785569,0.529288548294822
4.637021780014038,-1.2038653667855694,0.38688254829482194
4.64094090461731,-0.9828853667855686,0.42937154829482194
4.6448588371276855,-1.0381053667855689,0.43239654829482194
4.6488118171691895,-0.5477653667855691,0.45080754829482195
4.6527259349823,-0.44342536678556854,0.43022454829482193
4.656649827957153,0.010374633214430773,0.3155345482948219
4.660630941390991,-0.11432536678556815,0.4208535482948219
4.664547920227051,-0.6390853667855687,0.33793454829482195
4.66845178604126,-0.6627353667855687,0.42046054829482193
4.672385931015015,-0.9284153667855684,0.5139615482948219
4.676332950592041,-1.0631453667855695,0.46864054829482193
4.680257797241211,-1.2367453667855681,0.5237355482948219
4.684189796447754,-0.9593253667855688,0.42540654829482194
4.688110828399658,-0.6748453667855685,0.3717875482948219
4.692119836807251,-0.5281753667855682,0.4452915482948219
4.6960368156433105,-0.183935366785569,0.3121545482948219
4.699965953826904,-0.08142536678556844,0.38495054829482195
4.70391583442688,-0.3033853667855695,0.34653654829482194
4.707810878753662,-0.6801853667855688,0.26129054829482196
4.71173095703125,-0.8132553667855689,0.4236005482948219
4.715709924697876,-1.3441853667855685,0.40316654829482196
4.719582796096802,-1.2416053667855689,0.4713735482948219
4.723517894744873,-1.4217853667855689,0.535759548294822
4.727449893951416,-1.402875366785569,0.4172825482948219
4.731381893157959,-0.7417553667855685,0.534929548294822
4.735341787338257,-0.3637453667855688,0.3891405482948219
4.739238977432251,-0.2760553667855685,0.39537054829482193
4.743173837661743,-0.056435366785569485,0.5236195482948219
4.74717378616333,0.14674463321443199,0.3225495482948219
4.751077890396118,0.03744463321443092,0.47619054829482194
4.754913806915283,-0.06766536678556889,0.3766735482948219
4.758868932723999,-0.6762753667855694,0.43357054829482194
4.76277494430542,-0.6560553667855693,0.4775665482948219
4.766695976257324,-0.6722453667855692,0.3947445482948219
4.770662784576416,-1.0797153667855692,0.46207754829482195
4.774547815322876,-0.7472653667855695,0.3986365482948219
4.778475999832153,-0.987895366785569,0.34216954829482193
4.782405853271484,-0.5679753667855696,0.522597548294822
4.78632378578186,-0.25013536678556925,0.3810285482948219
4.790229797363281,0.20274463321443115,0.44450354829482197
4.794165849685669,0.10434463321443133,0.44006254829482194
4.798088788986206,0.16904463321443153,0.37200854829482194
4.8020179271698,0.23284463321443027,0.41800354829482195
4.805930852890015,-0.05553536678556803,0.34524454829482193
4.809834957122803,-0.09139536678556937,0.3566185482948219
4.8137757778167725,-0.17910536678556888,0.5267035482948219
4.817688941955566,-0.3577653667855696,0.2724255482948219
4.821615934371948,-0.5388353667855696,0.45600754829482193
4.825548887252808,-0.5245653667855681,0.39974554829482195
4.829478979110718,-0.766825366785568,0.40368754829482195
4.833409786224365,-0.39312536678556853,0.5283015482948219
4.837340831756592,-0.30244536678556955,0.40453054829482193
4.841264963150024,-0.3749953667855692,0.4808125482948219
4.845200777053833,-0.09920536678556857,0.3886635482948219
4.849122762680054,-0.03345536678556904,0.3899355482948219
4.853060960769653,0.16734463321443194,0.42162054829482193
4.857085943222046,0.1279446332144314,0.36703954829482194
4.861021995544434,0.1721446332144314,0.43382954829482195
4.8648598194122314,-0.22133536678556887,0.35099054829482196
4.868704795837402,-0.3979953667855689,0.37013054829482195
4.8726418018341064,-0.6045953667855688,0.5747445482948219
4.876585960388184,-0.6068053667855686,0.4020455482948219
4.880511999130249,-0.7279653667855683,0.49222754829482196
4.8844218254089355,-0.35500536678556927,0.4079645482948219
4.888350963592529,-0.37038536678556966,0.36938954829482196
4.892273902893066,-0.1436653667855694,0.48893454829482197
4.89619779586792,-0.2022453667855686,0.32047754829482195
4.9001429080963135,0.06864463321443104,0.44321854829482193
4.904085874557495,-0.08692536678556806,0.45868054829482197
4.908007860183716,-0.20308536678556877,0.3816735482948219
4.911940813064575,-0.10419536678556973,0.5270505482948219
4.9158899784088135,-0.27668536678556954,0.41781254829482195
4.9198057651519775,0.05254463321443126,0.46935954829482196
4.923740863800049,-0.10382536678556953,0.39896954829482195
4.927649974822998,-0.1917553667855696,0.36126354829482193
4.931595802307129,0.10454463321443086,0.4415265482948219
4.9355409145355225,0.08584463321443181,0.32939754829482193
4.93943977355957,0.06444463321443195,0.41734754829482196
4.943343877792358,0.035644633214431565,0.49377854829482193
4.9472949504852295,0.260744633214431,0.2979385482948219
4.951213836669922,-0.39662536678556926,0.4288205482948219
4.9551777839660645,-0.2765753667855684,0.3561125482948219
4.95908784866333,-0.2360053667855695,0.3358005482948219
4.963028907775879,-0.21216536678556963,0.5007195482948219
4.967118978500366,0.013404633214431527,0.34648254829482195
4.970948934555054,-0.21967536678556954,0.43807254829482195
4.97486686706543,0.17534463321443106,0.3592955482948219
4.978777885437012,-0.0918353667855687,0.3384935482948219
4.982688903808594,0.1005446332144313,0.5466145482948219
4.9866039752960205,0.1666446332144318,0.34517354829482194
4.99053692817688,-0.2289853667855688,0.49309554829482194
4.994441986083984,0.19364463321443104,0.43588654829482193
4.998379945755005,0.12634463321443157,0.3762815482948219
5.002301931381226,0.281644633214432,0.5280435482948219
5.006227970123291,0.1976446332144306,0.40580854829482194
5.010159969329834,0.45964463321443105,0.4679105482948219
5.014065980911255,0.14964463321443056,0.36315554829482194
5.018021821975708,0.013534633214431935,0.46140254829482197
5.02194881439209,0.18614463321443075,0.5217765482948219
5.025876998901367,-0.08916536678556852,0.41078354829482194
5.029800891876221,-0.043585366785569235,0.5096925482948219
5.033761978149414,-0.06784536678556918,0.41563854829482194
5.037648916244507,0.03044463321443125,0.3157545482948219
5.041581869125366,0.2175446332144304,0.5052185482948219
5.045490980148315,0.43504463321443154,0.3792045482948219
5.049404859542847,0.39194463321443074,0.39793654829482195
5.053308963775635,0.15044463321443047,0.4783345482948219
5.0572288036346436,0.1846446332144307,0.32146754829482194
5.061131954193115,0.05594463321443044,0.5000135482948219
5.065062999725342,0.15574463321443055,0.36525954829482193
5.06899881362915,0.09334463321443032,0.4361585482948219
5.072913885116577,-0.11408536678556835,0.4883725482948219
5.076910972595215,0.07334463321443074,0.3510685482948219
5.080819845199585,0.14654463321443068,0.4527855482948219
5.084791898727417,0.24524463321443157,0.36210354829482194
5.088680982589722,0.29264463321443124,0.4042735482948219
5.092611789703369,0.23874463321443073,0.37419254829482196
5.096538782119751,0.3962446332144314,0.32263354829482194
5.100468873977661,0.030044633214430405,0.41849954829482194
5.104384899139404,-0.03951536678556877,0.36560154829482194
5.1082868576049805,-0.04018536678556828,0.46583554829482193
5.1122307777404785,-0.17615536678556865,0.5345035482948219
5.116154909133911,-0.189545366785568,0.29943354829482194
5.120070934295654,-0.10452536678556967,0.47015854829482195
5.124040842056274,0.1074446332144312,0.38198354829482195
5.127924919128418,0.2189446332144307,0.46492354829482196
5.131856918334961,0.3366446332144317,0.3770075482948219
5.135796785354614,0.24554463321443087,0.39237054829482193
5.139692783355713,0.3023446332144317,0.4480305482948219
5.143625974655151,0.20134463321443086,0.39406554829482193
5.147558927536011,0.2581446332144317,0.4566205482948219
5.151444911956787,0.15844463321443136,0.4083885482948219
5.155396938323975,0.22144463321443197,0.4135355482948219
5.159290790557861,0.29874463321443123,0.45992754829482196
5.1632139682769775,0.1027446332144315,0.36326154829482193
5.167129993438721,0.31414463321443087,0.43032754829482195
5.171036958694458,0.27604463321443085,0.39260254829482194
5.174964904785156,0.21924463321443177,0.41261554829482194
5.178902864456177,0.23624463321443123,0.39527054829482194
5.182861804962158,0.018944633214431406,0.39509454829482193
5.186820983886719,0.195944633214431,0.42134854829482193
5.190748929977417,0.041544633214432025,0.41224254829482193
5.194646835327148,0.05614463321443175,0.4359385482948219
5.198540925979614,0.14724463321443082,0.43834454829482195
5.202445983886719,0.14294463321443196,0.41254954829482193
5.206357955932617,0.24344463321443044,0.4484815482948219
5.210268974304199,0.31864463321443104,0.42039554829482195
5.214220762252808,0.3527446332144315,0.43273854829482195
5.2181479930877686,0.3987446332144309,0.43399554829482195
5.222023963928223,0.3823446332144318,0.4033855482948219
5.225953817367554,0.3702446332144316,0.4255855482948219
5.229869842529297,0.3912446332144306,0.4054545482948219
5.233789920806885,0.26254463321443033,0.42192754829482193
5.23776388168335,0.23204463321443036,0.40285954829482196
5.241647958755493,0.11344463321443143,0.4055915482948219
5.245559930801392,0.13804463321443095,0.4006925482948219
5.24950385093689,0.17144463321443126,0.39160854829482195
5.253404855728149,0.0919446332144318,0.39461754829482193
5.257332801818848,0.15734463321443037,0.38555054829482194
5.261248826980591,0.1696446332144319,0.3911635482948219
5.265207767486572,0.16174463321443078,0.39514454829482193
5.26913595199585,0.25994463321443106,0.39972954829482193
5.273049831390381,0.25914463321443115,0.3999005482948219
5.277097940444946,0.2759446332144311,0.40058354829482196
5.280894994735718,0.31254463321443104,0.4049025482948219
5.2848289012908936,0.2972446332144312,0.40175154829482196
5.288749933242798,0.3190446332144319,0.40629154829482195
5.292646884918213,0.3362446332144309,0.4061765482948219
5.296631813049316,0.2891446332144305,0.40718754829482195
5.300548791885376,0.31224463321443174,0.4044395482948219
5.304496765136719,0.3041446332144311,0.40566754829482193
5.308375835418701,0.3035446332144307,0.40566354829482193
5.312270879745483,0.3052446332144303,0.40166554829482193
5.3161938190460205,0.22004463321443168,0.4034295482948219
5.320133924484253,0.2515446332144311,0.40423554829482194
5.32404088973999,0.22644463321443098,0.40314854829482194
5.327920913696289,0.21924463321443177,0.40159454829482194
5.331867933273315,0.18924463321443064,0.40606954829482195
5.335771799087524,0.15014463321443117,0.40389954829482194
5.33972692489624,0.18274463321443157,0.40223154829482194
5.343632936477661,0.15074463321443154,0.40358354829482196
5.34751296043396,0.21384463321443192,0.4015645482948219
5.351441860198975,0.17504463321443176,0.40320254829482194
5.35533595085144,0.2299446332144317,0.39777854829482195
5.3592658042907715,0.25254463321443055,0.40027854829482196
5.363189935684204,0.25304463321443116,0.39832054829482194
5.367109775543213,0.2606446332144312,0.40143854829482195
5.371036767959595,0.22124463321443066,0.40094454829482196
5.374975919723511,0.2528446332144316,0.4020475482948219
5.378898859024048,0.22864463321443118,0.4022265482948219
5.3828558921813965,0.1978446332144319,0.40135154829482195
5.386744976043701,0.20634463321443164,0.40041854829482193
5.390652894973755,0.1603446332144305,0.39938254829482195
5.3945629596710205,0.1984446332144305,0.39932854829482195
5.398471832275391,0.2064446332144314,0.39657754829482195
5.402390956878662,0.1843446332144314,0.39655854829482196
5.406374931335449,0.20634463321443164,0.39844054829482195
5.4102959632873535,0.21414463321443122,0.39667354829482193
5.414223909378052,0.2147446332144316,0.3982445482948219
5.418146848678589,0.214244633214431,0.3973795482948219
5.422066926956177,0.22904463321443203,0.3985825482948219
5.4260008335113525,0.1915446332144306,0.3967655482948219
5.429926872253418,0.27684463321443076,0.3986925482948219
5.433795928955078,0.22174463321443127,0.39843654829482195
5.437696933746338,0.23004463321443147,0.39859654829482194
5.44159197807312,0.2443446332144319,0.39790354829482194
5.445550918579102,0.19944463321443173,0.3997465482948219
5.449457883834839,0.22184463321443104,0.4011075482948219
5.453380823135376,0.18194463321443166,0.40222754829482193
5.457294940948486,0.1981446332144312,0.3994955482948219
5.4611899852752686,0.21344463321443108,0.4003875482948219
5.465102910995483,0.2291446332144318,0.3993775482948219
5.469044923782349,0.25144463321443133,0.4000705482948219
5.472930908203125,0.26714463321443027,0.39891554829482195
5.476818799972534,0.27384463321443064,0.4009955482948219
5.480750799179077,0.30334463321443117,0.40171054829482195
5.484672784805298,0.29784463321443155,0.40272454829482196
5.488578796386719,0.23674463321443184,0.40131654829482194
5.492506980895996,0.2824446332144319,0.40258254829482193
5.496434926986694,0.26004463321443083,0.40251354829482194
5.50035285949707,0.26694463321443074,0.40266454829482196
5.504284858703613,0.2593446332144307,0.4019045482948219
5.508220911026001,0.25164463321443087,0.40080954829482196
5.512141942977905,0.2589446332144316,0.39941554829482195
5.516121864318848,0.25194463321443195,0.39945554829482194
5.520036935806274,0.22824463321443034,0.39891854829482193
5.523944854736328,0.259544633214432,0.39914054829482193
5.527866840362549,0.20624463321443187,0.3997175482948219
5.531781911849976,0.22174463321443127,0.39897154829482195
5.53571891784668,0.22834463321443188,0.40008754829482196
5.5396318435668945,0.20694463321443202,0.39826454829482194
5.543553829193115,0.21314463321443178,0.39810854829482195
5.547470808029175,0.21414463321443122,0.39787054829482194
5.551382780075073,0.2368446332144316,0.3994895482948219
5.5552978515625,0.2980446332144311,0.39875354829482196
5.559239864349365,0.2673446332144316,0.4008565482948219
5.563137769699097,0.27434463321443125,0.4018405482948219
5.567124843597412,0.2971446332144314,0.40294754829482193
5.5709638595581055,0.2885446332144319,0.40307354829482195
5.574885845184326,0.29674463321443056,0.40333254829482196
5.578786849975586,0.24454463321443143,0.40385354829482195
5.582701921463013,0.2745446332144308,0.40174354829482195
5.5866968631744385,0.28214463321443084,0.40211254829482196
5.590643882751465,0.2822446332144306,0.40250254829482196
5.594561815261841,0.25134463321443157,0.4011595482948219
5.598519802093506,0.2731446332144305,0.4026435482948219
5.602410793304443,0.25774463321443086,0.4011305482948219
5.606332778930664,0.2737446332144309,0.40136154829482196
5.610288858413696,0.2811446332144314,0.40140954829482195
5.614208936691284,0.25084463321443096,0.4011305482948219
5.6181018352508545,0.2443446332144319,0.40041654829482193
5.622052907943726,0.23704463321443114,0.39998254829482194
5.625945806503296,0.21414463321443122,0.39714554829482196
5.629881858825684,0.17624463321443073,0.3964295482948219
5.63381290435791,0.2006446332144307,0.3945125482948219
5.637723922729492,0.19994463321443057,0.39706054829482196
5.641646862030029,0.20684463321443047,0.39642854829482194
5.645571947097778,0.16784463321443077,0.39941754829482196
5.64948582649231,0.21404463321443146,0.39739054829482195
5.6533918380737305,0.25254463321443055,0.39836454829482193
5.65729284286499,0.24454463321443143,0.39568954829482195
5.661240816116333,0.27434463321443125,0.39750354829482193
5.665143966674805,0.2820446332144311,0.3976905482948219
5.669046878814697,0.25134463321443157,0.39903254829482193
5.672967910766602,0.23594463321443193,0.39980854829482193
5.676889896392822,0.22044463321443075,0.40194854829482196
5.68082594871521,0.21274463321443093,0.4008005482948219
5.6847169399261475,0.22894463321443048,0.4006035482948219
5.688669919967651,0.21324463321443154,0.40039154829482193
5.692551851272583,0.2294446332144311,0.39710454829482195
5.696560859680176,0.20654463321443117,0.39900354829482193
5.700426816940308,0.18524463321443108,0.39467354829482193
5.704324960708618,0.2225446332144312,0.39609854829482194
5.7082579135894775,0.21634463321443143,0.39553854829482193
5.712191820144653,0.21414463321443122,0.39840954829482195
5.7161219120025635,0.1907446332144307,0.39755254829482195
5.72006893157959,0.2216446332144315,0.3966135482948219
5.723982810974121,0.20604463321443056,0.39779554829482194
5.7278687953948975,0.24454463321443143,0.39841554829482195
5.731774806976318,0.22884463321443071,0.3992035482948219
5.735721826553345,0.2059446332144308,0.4001305482948219
5.739632844924927,0.2377446332144313,0.39816254829482195
5.743538856506348,0.22224463321443189,0.39722954829482193
5.747452974319458,0.20624463321443187,0.3971305482948219
5.751372814178467,0.20684463321443047,0.39700254829482196
5.755312919616699,0.20774463321443193,0.3961965482948219
5.759231805801392,0.21434463321443076,0.3974005482948219
5.76310396194458,0.2145446332144303,0.39698054829482193
5.767014980316162,0.25994463321443106,0.3991325482948219
5.7709197998046875,0.27524463321443093,0.3995185482948219
5.774870872497559,0.2675446332144311,0.39963554829482195
5.778764963150024,0.2969446332144319,0.40222054829482196
5.782681941986084,0.27434463321443125,0.4032445482948219
5.786610841751099,0.2512446332144318,0.4028525482948219
5.7905449867248535,0.29644463321443126,0.40330554829482196
5.794432878494263,0.274444633214431,0.40127054829482195
5.7983717918396,0.2582446332144315,0.4002175482948219
5.802276849746704,0.2429446332144316,0.4016225482948219
5.806293964385986,0.24364463321443175,0.40060854829482195
5.810196876525879,0.23624463321443123,0.39953854829482194
5.8140928745269775,0.25174463321443064,0.40037054829482194
5.817988872528076,0.22814463321443057,0.39823754829482194
5.821894884109497,0.2133446332144313,0.3973465482948219
5.825823783874512,0.22884463321443071,0.3986095482948219
5.829722881317139,0.2145446332144303,0.3977655482948219
5.8336358070373535,0.21434463321443076,0.39845354829482194
5.837589979171753,0.24534463321443134,0.39711254829482195
5.84148383140564,0.2299446332144317,0.3984165482948219
5.845393896102905,0.24524463321443157,0.39828354829482193
5.849330902099609,0.20684463321443047,0.3993255482948219
5.85323691368103,0.2360446332144317,0.40029354829482194
5.857144832611084,0.2603446332144319,0.39861454829482196
5.861071825027466,0.23574463321443062,0.4005205482948219
5.864980936050415,0.2966446332144308,0.40211754829482194
5.868889808654785,0.2736446332144311,0.40350154829482193
5.872867822647095,0.28094463321443186,0.4028985482948219
5.876752853393555,0.33524463321443143,0.4043565482948219
5.88066291809082,0.2820446332144311,0.40120254829482194
5.884589910507202,0.2734446332144316,0.40213554829482195
5.888519763946533,0.2662446332144306,0.40334154829482194
5.8924548625946045,0.2673446332144316,0.40216954829482193
5.896346807479858,0.2820446332144311,0.3995535482948219
5.900268793106079,0.3207446332144315,0.40086154829482196
5.904187917709351,0.28324463321443183,0.40080554829482196
5.908129930496216,0.2822446332144306,0.4022825482948219
5.912029981613159,0.2590446332144314,0.40189554829482194
5.9159979820251465,0.27404463321443195,0.4018425482948219
5.919934988021851,0.2747446332144303,0.4005765482948219
5.923849821090698,0.19754463321443083,0.40200554829482193
5.927809953689575,0.2291446332144318,0.3997485482948219
5.931680917739868,0.22184463321443104,0.4003275482948219
5.935596942901611,0.20684463321443047,0.3969835482948219
5.939511775970459,0.21414463321443122,0.3979685482948219
5.943436861038208,0.1763446332144305,0.39637054829482193
5.947343826293945,0.15384463321443143,0.39552754829482195
5.951236963272095,0.19884463321443135,0.3959875482948219
5.955151796340942,0.1998446332144308,0.39518954829482195
5.959112882614136,0.20744463321443085,0.39560854829482195
5.9630138874053955,0.21404463321443146,0.39794754829482193
5.966914892196655,0.2291446332144318,0.3966405482948219
5.970837831497192,0.24424463321443035,0.40125454829482193
5.974752902984619,0.22874463321443095,0.4006765482948219
5.978695869445801,0.24394463321443105,0.40270854829482194
5.982569932937622,0.25974463321443153,0.4004705482948219
5.986527919769287,0.2737446332144309,0.40237454829482194
5.990420818328857,0.2589446332144316,0.40069954829482196
5.9943318367004395,0.2676446332144309,0.40169354829482196
5.998249769210815,0.25194463321443195,0.3998965482948219
6.002238988876343,0.22054463321443052,0.3976655482948219
6.006083965301514,0.24354463321443198,0.40036154829482196
6.010000944137573,0.19864463321443182,0.39789254829482196
6.013908863067627,0.22244463321443142,0.39729954829482195
6.017854928970337,0.17664463321443158,0.39597954829482196
6.021755933761597,0.161644633214431,0.3959085482948219
6.025721788406372,0.1696446332144319,0.39524154829482194
6.029630899429321,0.19214463321443098,0.3957525482948219
6.033574819564819,0.2299446332144317,0.3972755482948219
6.037516832351685,0.2446446332144312,0.39784954829482194
6.041428804397583,0.21384463321443192,0.39832254829482194
6.04534387588501,0.275544633214432,0.4001865482948219
6.049285888671875,0.2216446332144315,0.39835154829482194
6.053216934204102,0.25224463321443125,0.40130554829482196
6.057104825973511,0.19824463321443098,0.4027465482948219
6.061044931411743,0.20614463321443033,0.40000954829482194
6.064987897872925,0.23704463321443114,0.39761954829482193
6.068920850753784,0.23014463321443124,0.39694254829482195
6.072765827178955,0.18424463321443163,0.3971365482948219
6.076713800430298,0.19944463321443173,0.39718954829482195
6.080639839172363,0.21404463321443146,0.39702554829482195
6.084531784057617,0.2524446332144308,0.3981345482948219
6.088468790054321,0.24454463321443143,0.39933254829482195
6.092334985733032,0.27514463321443117,0.39983754829482193
6.096250772476196,0.25174463321443064,0.40191854829482193
6.100169897079468,0.26654463321443167,0.4022735482948219
6.104087829589844,0.29014463321443174,0.4038445482948219
6.108015775680542,0.2823446332144304,0.4036015482948219
6.1119067668914795,0.3132446332144312,0.4031995482948219
6.115832805633545,0.28984463321443066,0.40175354829482196
6.119768857955933,0.26664463321443144,0.40268154829482194
6.12365984916687,0.2667446332144312,0.40158154829482196
6.12758994102478,0.2512446332144318,0.40012154829482194
6.1314849853515625,0.2747446332144303,0.39847654829482193
6.135467767715454,0.22844463321443165,0.39825654829482193
6.139410972595215,0.22934463321443133,0.39747554829482196
6.143296957015991,0.21434463321443076,0.39755054829482195
6.147268772125244,0.16824463321443162,0.39604054829482194
6.1511759757995605,0.2443446332144319,0.39919854829482193
6.155073881149292,0.20744463321443085,0.39846954829482195
6.158992767333984,0.2225446332144312,0.3975435482948219
6.162900924682617,0.25974463321443153,0.4003985482948219
6.166820764541626,0.2368446332144316,0.3994645482948219
6.170760869979858,0.23724463321443068,0.39947354829482196
6.174680948257446,0.27514463321443117,0.40043054829482194
6.178634881973267,0.24384463321443128,0.3997445482948219
6.1825268268585205,0.2676446332144309,0.40011054829482195
6.186446905136108,0.2670446332144305,0.4004855482948219
6.190388917922974,0.24474463321443096,0.39896154829482194
6.194302797317505,0.27484463321443187,0.39857954829482195
6.198222875595093,0.25224463321443125,0.40053854829482194
6.202116966247559,0.22894463321443048,0.39875354829482196
6.206033945083618,0.27484463321443187,0.39952854829482193
6.209939956665039,0.22024463321443122,0.4012465482948219
6.21386194229126,0.2664446332144319,0.40070454829482194
6.217804908752441,0.2905446332144308,0.40052854829482193
6.221710920333862,0.24364463321443175,0.40003854829482194
6.225586891174316,0.29004463321443197,0.40203454829482194
6.229520797729492,0.26744463321443135,0.40160454829482195
6.233437776565552,0.25164463321443087,0.4009255482948219
6.237350940704346,0.2753446332144307,0.4000805482948219
6.241268873214722,0.2515446332144311,0.40282254829482195
6.245240926742554,0.2745446332144308,0.40111354829482193
6.249168872833252,0.2969446332144319,0.40493854829482195
6.253068923950195,0.2969446332144319,0.39918354829482194
6.257108926773071,0.24354463321443198,0.40299454829482195
6.26092791557312,0.27354463321443134,0.4018255482948219
6.264810800552368,0.23574463321443062,0.40003354829482196
